   ,DIST_CODE,DIST_NAME,CITY
1,110000,北京市,北京市
2,110100,市辖区,市辖区
3,110101,东城区,北京市
4,110102,西城区,北京市
5,110103,崇文区,崇文区
6,110104,宣武区,宣武区
7,110105,朝阳区,北京市
8,110106,丰台区,北京市
9,110107,石景山区,北京市
10,110108,海淀区,北京市
11,110109,门头沟区,北京市
12,110111,房山区,北京市
13,110112,通州区,北京市
14,110113,顺义区,北京市
15,110114,昌平区,北京市
16,110115,大兴区,北京市
17,110116,怀柔区,北京市
18,110117,平谷区,北京市
19,110118,密云区,北京市
20,110119,延庆区,北京市
21,110200,县,县
22,110228,密云县,密云县
23,110229,延庆县,延庆县
24,120000,天津市,天津市
25,120100,市辖区,市辖区
26,120101,和平区,天津市
27,120102,河东区,天津市
28,120103,河西区,天津市
29,120104,南开区,天津市
30,120105,河北区,天津市
31,120106,红桥区,天津市
32,120107,塘沽区,塘沽区
33,120108,汉沽区,汉沽区
34,120109,大港区,大港区
35,120110,东丽区,天津市
36,120111,西青区,天津市
37,120112,津南区,天津市
38,120113,北辰区,天津市
39,120114,武清区,天津市
40,120115,宝坻区,天津市
41,120116,滨海新区,天津市
42,120117,宁河区,天津市
43,120118,静海区,天津市
44,120119,蓟州区,天津市
45,120200,县,县
46,120221,宁河县,宁河县
47,120223,静海县,静海县
48,120225,蓟县,蓟县
49,130000,河北省,河北省
50,130100,石家庄市,石家庄市
51,130101,市辖区,市辖区
52,130102,长安区,石家庄市
53,130103,桥东区,桥东区
54,130104,桥西区,石家庄市
55,130105,新华区,石家庄市
56,130107,井陉矿区,石家庄市
57,130108,裕华区,石家庄市
58,130109,藁城区,石家庄市
59,130110,鹿泉区,石家庄市
60,130111,栾城区,石家庄市
61,130121,井陉县,石家庄市
62,130123,正定县,石家庄市
63,130124,栾城县,栾城县
64,130125,行唐县,石家庄市
65,130126,灵寿县,石家庄市
66,130127,高邑县,石家庄市
67,130128,深泽县,石家庄市
68,130129,赞皇县,石家庄市
69,130130,无极县,石家庄市
70,130131,平山县,石家庄市
71,130132,元氏县,石家庄市
72,130133,赵县,石家庄市
73,130181,辛集市,石家庄市
74,130182,藁城市,藁城市
75,130183,晋州市,石家庄市
76,130184,新乐市,石家庄市
77,130185,鹿泉市,鹿泉市
78,130200,唐山市,唐山市
79,130201,市辖区,市辖区
80,130202,路南区,唐山市
81,130203,路北区,唐山市
82,130204,古冶区,唐山市
83,130205,开平区,唐山市
84,130207,丰南区,唐山市
85,130208,丰润区,唐山市
86,130209,曹妃甸区,唐山市
87,130223,滦县,唐山市
88,130224,滦南县,唐山市
89,130225,乐亭县,唐山市
90,130227,迁西县,唐山市
91,130229,玉田县,唐山市
92,130230,唐海县,唐海县
93,130281,遵化市,唐山市
94,130283,迁安市,唐山市
95,130284,滦州市,唐山市
96,130300,秦皇岛市,秦皇岛市
97,130301,市辖区,市辖区
98,130302,海港区,秦皇岛市
99,130303,山海关区,秦皇岛市
100,130304,北戴河区,秦皇岛市
101,130306,抚宁区,秦皇岛市
102,130321,青龙满族自治县,秦皇岛市
103,130322,昌黎县,秦皇岛市
104,130323,抚宁县,抚宁县
105,130324,卢龙县,秦皇岛市
106,130400,邯郸市,邯郸市
107,130401,市辖区,市辖区
108,130402,邯山区,邯郸市
109,130403,丛台区,邯郸市
110,130404,复兴区,邯郸市
111,130406,峰峰矿区,邯郸市
112,130407,肥乡区,邯郸市
113,130408,永年区,邯郸市
114,130421,邯郸县,邯郸县
115,130423,临漳县,邯郸市
116,130424,成安县,邯郸市
117,130425,大名县,邯郸市
118,130426,涉县,邯郸市
119,130427,磁县,邯郸市
120,130428,肥乡县,肥乡县
121,130429,永年县,永年县
122,130430,邱县,邯郸市
123,130431,鸡泽县,邯郸市
124,130432,广平县,邯郸市
125,130433,馆陶县,邯郸市
126,130434,魏县,邯郸市
127,130435,曲周县,邯郸市
128,130481,武安市,邯郸市
129,130500,邢台市,邢台市
130,130501,市辖区,市辖区
131,130502,襄都区,邢台市
132,130503,信都区,邢台市
133,130505,任泽区,邢台市
134,130506,南和区,邢台市
135,130521,邢台县,邢台市
136,130522,临城县,邢台市
137,130523,内丘县,邢台市
138,130524,柏乡县,邢台市
139,130525,隆尧县,邢台市
140,130526,任县,邢台市
141,130527,南和县,邢台市
142,130528,宁晋县,邢台市
143,130529,巨鹿县,邢台市
144,130530,新河县,邢台市
145,130531,广宗县,邢台市
146,130532,平乡县,邢台市
147,130533,威县,邢台市
148,130534,清河县,邢台市
149,130535,临西县,邢台市
150,130581,南宫市,邢台市
151,130582,沙河市,邢台市
152,130600,保定市,保定市
153,130601,市辖区,市辖区
154,130602,竞秀区,保定市
155,130603,北市区,北市区
156,130604,南市区,南市区
157,130606,莲池区,保定市
158,130607,满城区,保定市
159,130608,清苑区,保定市
160,130609,徐水区,保定市
161,130621,满城县,满城县
162,130622,清苑县,清苑县
163,130623,涞水县,保定市
164,130624,阜平县,保定市
165,130625,徐水县,徐水县
166,130626,定兴县,保定市
167,130627,唐县,保定市
168,130628,高阳县,保定市
169,130629,容城县,保定市
170,130630,涞源县,保定市
171,130631,望都县,保定市
172,130632,安新县,保定市
173,130633,易县,保定市
174,130634,曲阳县,保定市
175,130635,蠡县,保定市
176,130636,顺平县,保定市
177,130637,博野县,保定市
178,130638,雄县,保定市
179,130681,涿州市,保定市
180,130682,定州市,保定市
181,130683,安国市,保定市
182,130684,高碑店市,保定市
183,130700,张家口市,张家口市
184,130701,市辖区,市辖区
185,130702,桥东区,张家口市
186,130703,桥西区,张家口市
187,130705,宣化区,张家口市
188,130706,下花园区,张家口市
189,130708,万全区,张家口市
190,130709,崇礼区,张家口市
191,130721,宣化县,宣化县
192,130722,张北县,张家口市
193,130723,康保县,张家口市
194,130724,沽源县,张家口市
195,130725,尚义县,张家口市
196,130726,蔚县,张家口市
197,130727,阳原县,张家口市
198,130728,怀安县,张家口市
199,130729,万全县,万全县
200,130730,怀来县,张家口市
201,130731,涿鹿县,张家口市
202,130732,赤城县,张家口市
203,130733,崇礼县,崇礼县
204,130800,承德市,承德市
205,130801,市辖区,市辖区
206,130802,双桥区,承德市
207,130803,双滦区,承德市
208,130804,鹰手营子矿区,承德市
209,130821,承德县,承德市
210,130822,兴隆县,承德市
211,130823,平泉县,平泉县
212,130824,滦平县,承德市
213,130825,隆化县,承德市
214,130826,丰宁满族自治县,承德市
215,130827,宽城满族自治县,承德市
216,130828,围场满族蒙古族自治县,承德市
217,130881,平泉市,承德市
218,130900,沧州市,沧州市
219,130901,市辖区,市辖区
220,130902,新华区,沧州市
221,130903,运河区,沧州市
222,130921,沧县,沧州市
223,130922,青县,沧州市
224,130923,东光县,沧州市
225,130924,海兴县,沧州市
226,130925,盐山县,沧州市
227,130926,肃宁县,沧州市
228,130927,南皮县,沧州市
229,130928,吴桥县,沧州市
230,130929,献县,沧州市
231,130930,孟村回族自治县,沧州市
232,130981,泊头市,沧州市
233,130982,任丘市,沧州市
234,130983,黄骅市,沧州市
235,130984,河间市,沧州市
236,131000,廊坊市,廊坊市
237,131001,市辖区,市辖区
238,131002,安次区,廊坊市
239,131003,广阳区,廊坊市
240,131022,固安县,廊坊市
241,131023,永清县,廊坊市
242,131024,香河县,廊坊市
243,131025,大城县,廊坊市
244,131026,文安县,廊坊市
245,131028,大厂回族自治县,廊坊市
246,131081,霸州市,廊坊市
247,131082,三河市,廊坊市
248,131100,衡水市,衡水市
249,131101,市辖区,市辖区
250,131102,桃城区,衡水市
251,131103,冀州区,衡水市
252,131121,枣强县,衡水市
253,131122,武邑县,衡水市
254,131123,武强县,衡水市
255,131124,饶阳县,衡水市
256,131125,安平县,衡水市
257,131126,故城县,衡水市
258,131127,景县,衡水市
259,131128,阜城县,衡水市
260,131181,冀州市,冀州市
261,131182,深州市,衡水市
262,139000,省直辖县级行政区划,省直辖县级行政区划
263,139001,定州市,定州市
264,139002,辛集市,辛集市
265,140000,山西省,山西省
266,140100,太原市,太原市
267,140101,市辖区,市辖区
268,140105,小店区,太原市
269,140106,迎泽区,太原市
270,140107,杏花岭区,太原市
271,140108,尖草坪区,太原市
272,140109,万柏林区,太原市
273,140110,晋源区,太原市
274,140121,清徐县,太原市
275,140122,阳曲县,太原市
276,140123,娄烦县,太原市
277,140181,古交市,太原市
278,140200,大同市,大同市
279,140201,市辖区,市辖区
280,140202,城区,大同市
281,140203,矿区,大同市
282,140211,南郊区,大同市
283,140212,新荣区,大同市
284,140213,平城区,大同市
285,140214,云冈区,大同市
286,140215,云州区,大同市
287,140221,阳高县,大同市
288,140222,天镇县,大同市
289,140223,广灵县,大同市
290,140224,灵丘县,大同市
291,140225,浑源县,大同市
292,140226,左云县,大同市
293,140227,大同县,大同市
294,140300,阳泉市,阳泉市
295,140301,市辖区,市辖区
296,140302,城区,阳泉市
297,140303,矿区,阳泉市
298,140311,郊区,阳泉市
299,140321,平定县,阳泉市
300,140322,盂县,阳泉市
301,140400,长治市,长治市
302,140401,市辖区,市辖区
303,140402,城区,长治市
304,140403,潞州区,长治市
305,140404,上党区,长治市
306,140405,屯留区,长治市
307,140406,潞城区,长治市
308,140411,郊区,长治市
309,140421,长治县,长治市
310,140423,襄垣县,长治市
311,140424,屯留县,长治市
312,140425,平顺县,长治市
313,140426,黎城县,长治市
314,140427,壶关县,长治市
315,140428,长子县,长治市
316,140429,武乡县,长治市
317,140430,沁县,长治市
318,140431,沁源县,长治市
319,140481,潞城市,长治市
320,140500,晋城市,晋城市
321,140501,市辖区,市辖区
322,140502,城区,晋城市
323,140521,沁水县,晋城市
324,140522,阳城县,晋城市
325,140524,陵川县,晋城市
326,140525,泽州县,晋城市
327,140581,高平市,晋城市
328,140600,朔州市,朔州市
329,140601,市辖区,市辖区
330,140602,朔城区,朔州市
331,140603,平鲁区,朔州市
332,140621,山阴县,朔州市
333,140622,应县,朔州市
334,140623,右玉县,朔州市
335,140624,怀仁县,朔州市
336,140681,怀仁市,朔州市
337,140700,晋中市,晋中市
338,140701,市辖区,市辖区
339,140702,榆次区,晋中市
340,140703,太谷区,晋中市
341,140721,榆社县,晋中市
342,140722,左权县,晋中市
343,140723,和顺县,晋中市
344,140724,昔阳县,晋中市
345,140725,寿阳县,晋中市
346,140726,太谷县,晋中市
347,140727,祁县,晋中市
348,140728,平遥县,晋中市
349,140729,灵石县,晋中市
350,140781,介休市,晋中市
351,140800,运城市,运城市
352,140801,市辖区,市辖区
353,140802,盐湖区,运城市
354,140821,临猗县,运城市
355,140822,万荣县,运城市
356,140823,闻喜县,运城市
357,140824,稷山县,运城市
358,140825,新绛县,运城市
359,140826,绛县,运城市
360,140827,垣曲县,运城市
361,140828,夏县,运城市
362,140829,平陆县,运城市
363,140830,芮城县,运城市
364,140881,永济市,运城市
365,140882,河津市,运城市
366,140900,忻州市,忻州市
367,140901,市辖区,市辖区
368,140902,忻府区,忻州市
369,140921,定襄县,忻州市
370,140922,五台县,忻州市
371,140923,代县,忻州市
372,140924,繁峙县,忻州市
373,140925,宁武县,忻州市
374,140926,静乐县,忻州市
375,140927,神池县,忻州市
376,140928,五寨县,忻州市
377,140929,岢岚县,忻州市
378,140930,河曲县,忻州市
379,140931,保德县,忻州市
380,140932,偏关县,忻州市
381,140981,原平市,忻州市
382,141000,临汾市,临汾市
383,141001,市辖区,市辖区
384,141002,尧都区,临汾市
385,141021,曲沃县,临汾市
386,141022,翼城县,临汾市
387,141023,襄汾县,临汾市
388,141024,洪洞县,临汾市
389,141025,古县,临汾市
390,141026,安泽县,临汾市
391,141027,浮山县,临汾市
392,141028,吉县,临汾市
393,141029,乡宁县,临汾市
394,141030,大宁县,临汾市
395,141031,隰县,临汾市
396,141032,永和县,临汾市
397,141033,蒲县,临汾市
398,141034,汾西县,临汾市
399,141081,侯马市,临汾市
400,141082,霍州市,临汾市
401,141100,吕梁市,吕梁市
402,141101,市辖区,市辖区
403,141102,离石区,吕梁市
404,141121,文水县,吕梁市
405,141122,交城县,吕梁市
406,141123,兴县,吕梁市
407,141124,临县,吕梁市
408,141125,柳林县,吕梁市
409,141126,石楼县,吕梁市
410,141127,岚县,吕梁市
411,141128,方山县,吕梁市
412,141129,中阳县,吕梁市
413,141130,交口县,吕梁市
414,141181,孝义市,吕梁市
415,141182,汾阳市,吕梁市
416,150000,内蒙古自治区,内蒙古自治区
417,150100,呼和浩特市,呼和浩特市
418,150101,市辖区,市辖区
419,150102,新城区,呼和浩特市
420,150103,回民区,呼和浩特市
421,150104,玉泉区,呼和浩特市
422,150105,赛罕区,呼和浩特市
423,150121,土默特左旗,呼和浩特市
424,150122,托克托县,呼和浩特市
425,150123,和林格尔县,呼和浩特市
426,150124,清水河县,呼和浩特市
427,150125,武川县,呼和浩特市
428,150200,包头市,包头市
429,150201,市辖区,市辖区
430,150202,东河区,包头市
431,150203,昆都仑区,包头市
432,150204,青山区,包头市
433,150205,石拐区,包头市
434,150206,白云鄂博矿区,包头市
435,150207,九原区,包头市
436,150221,土默特右旗,包头市
437,150222,固阳县,包头市
438,150223,达尔罕茂明安联合旗,包头市
439,150300,乌海市,乌海市
440,150301,市辖区,市辖区
441,150302,海勃湾区,乌海市
442,150303,海南区,乌海市
443,150304,乌达区,乌海市
444,150400,赤峰市,赤峰市
445,150401,市辖区,市辖区
446,150402,红山区,赤峰市
447,150403,元宝山区,赤峰市
448,150404,松山区,赤峰市
449,150421,阿鲁科尔沁旗,赤峰市
450,150422,巴林左旗,赤峰市
451,150423,巴林右旗,赤峰市
452,150424,林西县,赤峰市
453,150425,克什克腾旗,赤峰市
454,150426,翁牛特旗,赤峰市
455,150428,喀喇沁旗,赤峰市
456,150429,宁城县,赤峰市
457,150430,敖汉旗,赤峰市
458,150500,通辽市,通辽市
459,150501,市辖区,市辖区
460,150502,科尔沁区,通辽市
461,150521,科尔沁左翼中旗,通辽市
462,150522,科尔沁左翼后旗,通辽市
463,150523,开鲁县,通辽市
464,150524,库伦旗,通辽市
465,150525,奈曼旗,通辽市
466,150526,扎鲁特旗,通辽市
467,150581,霍林郭勒市,通辽市
468,150600,鄂尔多斯市,鄂尔多斯市
469,150601,市辖区,市辖区
470,150602,东胜区,鄂尔多斯市
471,150603,康巴什区,鄂尔多斯市
472,150621,达拉特旗,鄂尔多斯市
473,150622,准格尔旗,鄂尔多斯市
474,150623,鄂托克前旗,鄂尔多斯市
475,150624,鄂托克旗,鄂尔多斯市
476,150625,杭锦旗,鄂尔多斯市
477,150626,乌审旗,鄂尔多斯市
478,150627,伊金霍洛旗,鄂尔多斯市
479,150700,呼伦贝尔市,呼伦贝尔市
480,150701,市辖区,市辖区
481,150702,海拉尔区,呼伦贝尔市
482,150703,扎赉诺尔区,呼伦贝尔市
483,150721,阿荣旗,呼伦贝尔市
484,150722,莫力达瓦达斡尔族自治旗,呼伦贝尔市
485,150723,鄂伦春自治旗,呼伦贝尔市
486,150724,鄂温克族自治旗,呼伦贝尔市
487,150725,陈巴尔虎旗,呼伦贝尔市
488,150726,新巴尔虎左旗,呼伦贝尔市
489,150727,新巴尔虎右旗,呼伦贝尔市
490,150781,满洲里市,呼伦贝尔市
491,150782,牙克石市,呼伦贝尔市
492,150783,扎兰屯市,呼伦贝尔市
493,150784,额尔古纳市,呼伦贝尔市
494,150785,根河市,呼伦贝尔市
495,150800,巴彦淖尔市,巴彦淖尔市
496,150801,市辖区,市辖区
497,150802,临河区,巴彦淖尔市
498,150821,五原县,巴彦淖尔市
499,150822,磴口县,巴彦淖尔市
500,150823,乌拉特前旗,巴彦淖尔市
501,150824,乌拉特中旗,巴彦淖尔市
502,150825,乌拉特后旗,巴彦淖尔市
503,150826,杭锦后旗,巴彦淖尔市
504,150900,乌兰察布市,乌兰察布市
505,150901,市辖区,市辖区
506,150902,集宁区,乌兰察布市
507,150921,卓资县,乌兰察布市
508,150922,化德县,乌兰察布市
509,150923,商都县,乌兰察布市
510,150924,兴和县,乌兰察布市
511,150925,凉城县,乌兰察布市
512,150926,察哈尔右翼前旗,乌兰察布市
513,150927,察哈尔右翼中旗,乌兰察布市
514,150928,察哈尔右翼后旗,乌兰察布市
515,150929,四子王旗,乌兰察布市
516,150981,丰镇市,乌兰察布市
517,152200,兴安盟,兴安盟
518,152201,乌兰浩特市,兴安盟
519,152202,阿尔山市,兴安盟
520,152221,科尔沁右翼前旗,兴安盟
521,152222,科尔沁右翼中旗,兴安盟
522,152223,扎赉特旗,兴安盟
523,152224,突泉县,兴安盟
524,152500,锡林郭勒盟,锡林郭勒盟
525,152501,二连浩特市,锡林郭勒盟
526,152502,锡林浩特市,锡林郭勒盟
527,152522,阿巴嘎旗,锡林郭勒盟
528,152523,苏尼特左旗,锡林郭勒盟
529,152524,苏尼特右旗,锡林郭勒盟
530,152525,东乌珠穆沁旗,锡林郭勒盟
531,152526,西乌珠穆沁旗,锡林郭勒盟
532,152527,太仆寺旗,锡林郭勒盟
533,152528,镶黄旗,锡林郭勒盟
534,152529,正镶白旗,锡林郭勒盟
535,152530,正蓝旗,锡林郭勒盟
536,152531,多伦县,锡林郭勒盟
537,152900,阿拉善盟,阿拉善盟
538,152921,阿拉善左旗,阿拉善盟
539,152922,阿拉善右旗,阿拉善盟
540,152923,额济纳旗,阿拉善盟
541,210000,辽宁省,辽宁省
542,210100,沈阳市,沈阳市
543,210101,市辖区,市辖区
544,210102,和平区,沈阳市
545,210103,沈河区,沈阳市
546,210104,大东区,沈阳市
547,210105,皇姑区,沈阳市
548,210106,铁西区,沈阳市
549,210111,苏家屯区,沈阳市
550,210112,浑南区,沈阳市
551,210113,沈北新区,沈阳市
552,210114,于洪区,沈阳市
553,210115,辽中区,沈阳市
554,210122,辽中县,辽中县
555,210123,康平县,沈阳市
556,210124,法库县,沈阳市
557,210181,新民市,沈阳市
558,210200,大连市,大连市
559,210201,市辖区,市辖区
560,210202,中山区,大连市
561,210203,西岗区,大连市
562,210204,沙河口区,大连市
563,210211,甘井子区,大连市
564,210212,旅顺口区,大连市
565,210213,金州区,大连市
566,210214,普兰店区,大连市
567,210224,长海县,大连市
568,210281,瓦房店市,大连市
569,210282,普兰店市,普兰店市
570,210283,庄河市,大连市
571,210300,鞍山市,鞍山市
572,210301,市辖区,市辖区
573,210302,铁东区,鞍山市
574,210303,铁西区,鞍山市
575,210304,立山区,鞍山市
576,210311,千山区,鞍山市
577,210321,台安县,鞍山市
578,210323,岫岩满族自治县,鞍山市
579,210381,海城市,鞍山市
580,210400,抚顺市,抚顺市
581,210401,市辖区,市辖区
582,210402,新抚区,抚顺市
583,210403,东洲区,抚顺市
584,210404,望花区,抚顺市
585,210411,顺城区,抚顺市
586,210421,抚顺县,抚顺市
587,210422,新宾满族自治县,抚顺市
588,210423,清原满族自治县,抚顺市
589,210500,本溪市,本溪市
590,210501,市辖区,市辖区
591,210502,平山区,本溪市
592,210503,溪湖区,本溪市
593,210504,明山区,本溪市
594,210505,南芬区,本溪市
595,210521,本溪满族自治县,本溪市
596,210522,桓仁满族自治县,本溪市
597,210600,丹东市,丹东市
598,210601,市辖区,市辖区
599,210602,元宝区,丹东市
600,210603,振兴区,丹东市
601,210604,振安区,丹东市
602,210624,宽甸满族自治县,丹东市
603,210681,东港市,丹东市
604,210682,凤城市,丹东市
605,210700,锦州市,锦州市
606,210701,市辖区,市辖区
607,210702,古塔区,锦州市
608,210703,凌河区,锦州市
609,210711,太和区,锦州市
610,210726,黑山县,锦州市
611,210727,义县,锦州市
612,210781,凌海市,锦州市
613,210782,北镇市,锦州市
614,210800,营口市,营口市
615,210801,市辖区,市辖区
616,210802,站前区,营口市
617,210803,西市区,营口市
618,210804,鲅鱼圈区,营口市
619,210811,老边区,营口市
620,210881,盖州市,营口市
621,210882,大石桥市,营口市
622,210900,阜新市,阜新市
623,210901,市辖区,市辖区
624,210902,海州区,阜新市
625,210903,新邱区,阜新市
626,210904,太平区,阜新市
627,210905,清河门区,阜新市
628,210911,细河区,阜新市
629,210921,阜新蒙古族自治县,阜新市
630,210922,彰武县,阜新市
631,211000,辽阳市,辽阳市
632,211001,市辖区,市辖区
633,211002,白塔区,辽阳市
634,211003,文圣区,辽阳市
635,211004,宏伟区,辽阳市
636,211005,弓长岭区,辽阳市
637,211011,太子河区,辽阳市
638,211021,辽阳县,辽阳市
639,211081,灯塔市,辽阳市
640,211100,盘锦市,盘锦市
641,211101,市辖区,市辖区
642,211102,双台子区,盘锦市
643,211103,兴隆台区,盘锦市
644,211104,大洼区,盘锦市
645,211121,大洼县,大洼县
646,211122,盘山县,盘锦市
647,211200,铁岭市,铁岭市
648,211201,市辖区,市辖区
649,211202,银州区,铁岭市
650,211204,清河区,铁岭市
651,211221,铁岭县,铁岭市
652,211223,西丰县,铁岭市
653,211224,昌图县,铁岭市
654,211281,调兵山市,铁岭市
655,211282,开原市,铁岭市
656,211300,朝阳市,朝阳市
657,211301,市辖区,市辖区
658,211302,双塔区,朝阳市
659,211303,龙城区,朝阳市
660,211321,朝阳县,朝阳市
661,211322,建平县,朝阳市
662,211324,喀喇沁左翼蒙古族自治县,朝阳市
663,211381,北票市,朝阳市
664,211382,凌源市,朝阳市
665,211400,葫芦岛市,葫芦岛市
666,211401,市辖区,市辖区
667,211402,连山区,葫芦岛市
668,211403,龙港区,葫芦岛市
669,211404,南票区,葫芦岛市
670,211421,绥中县,葫芦岛市
671,211422,建昌县,葫芦岛市
672,211481,兴城市,葫芦岛市
673,220000,吉林省,吉林省
674,220100,长春市,长春市
675,220101,市辖区,市辖区
676,220102,南关区,长春市
677,220103,宽城区,长春市
678,220104,朝阳区,长春市
679,220105,二道区,长春市
680,220106,绿园区,长春市
681,220112,双阳区,长春市
682,220113,九台区,长春市
683,220122,农安县,长春市
684,220181,九台市,九台市
685,220182,榆树市,长春市
686,220183,德惠市,长春市
687,220184,公主岭市,长春市
688,220200,吉林市,吉林市
689,220201,市辖区,市辖区
690,220202,昌邑区,吉林市
691,220203,龙潭区,吉林市
692,220204,船营区,吉林市
693,220211,丰满区,吉林市
694,220221,永吉县,吉林市
695,220281,蛟河市,吉林市
696,220282,桦甸市,吉林市
697,220283,舒兰市,吉林市
698,220284,磐石市,吉林市
699,220300,四平市,四平市
700,220301,市辖区,市辖区
701,220302,铁西区,四平市
702,220303,铁东区,四平市
703,220322,梨树县,四平市
704,220323,伊通满族自治县,四平市
705,220381,公主岭市,四平市
706,220382,双辽市,四平市
707,220400,辽源市,辽源市
708,220401,市辖区,市辖区
709,220402,龙山区,辽源市
710,220403,西安区,辽源市
711,220421,东丰县,辽源市
712,220422,东辽县,辽源市
713,220500,通化市,通化市
714,220501,市辖区,市辖区
715,220502,东昌区,通化市
716,220503,二道江区,通化市
717,220521,通化县,通化市
718,220523,辉南县,通化市
719,220524,柳河县,通化市
720,220581,梅河口市,通化市
721,220582,集安市,通化市
722,220600,白山市,白山市
723,220601,市辖区,市辖区
724,220602,浑江区,白山市
725,220605,江源区,白山市
726,220621,抚松县,白山市
727,220622,靖宇县,白山市
728,220623,长白朝鲜族自治县,白山市
729,220625,江源县,江源县
730,220681,临江市,白山市
731,220700,松原市,松原市
732,220701,市辖区,市辖区
733,220702,宁江区,松原市
734,220721,前郭尔罗斯蒙古族自治县,松原市
735,220722,长岭县,松原市
736,220723,乾安县,松原市
737,220724,扶余县,扶余县
738,220781,扶余市,松原市
739,220800,白城市,白城市
740,220801,市辖区,市辖区
741,220802,洮北区,白城市
742,220821,镇赉县,白城市
743,220822,通榆县,白城市
744,220881,洮南市,白城市
745,220882,大安市,白城市
746,222400,延边朝鲜族自治州,延边朝鲜族自治州
747,222401,延吉市,延边朝鲜族自治州
748,222402,图们市,延边朝鲜族自治州
749,222403,敦化市,延边朝鲜族自治州
750,222404,珲春市,延边朝鲜族自治州
751,222405,龙井市,延边朝鲜族自治州
752,222406,和龙市,延边朝鲜族自治州
753,222424,汪清县,延边朝鲜族自治州
754,222426,安图县,延边朝鲜族自治州
755,230000,黑龙江省,黑龙江省
756,230100,哈尔滨市,哈尔滨市
757,230101,市辖区,市辖区
758,230102,道里区,哈尔滨市
759,230103,南岗区,哈尔滨市
760,230104,道外区,哈尔滨市
761,230108,平房区,哈尔滨市
762,230109,松北区,哈尔滨市
763,230110,香坊区,哈尔滨市
764,230111,呼兰区,哈尔滨市
765,230112,阿城区,哈尔滨市
766,230113,双城区,哈尔滨市
767,230123,依兰县,哈尔滨市
768,230124,方正县,哈尔滨市
769,230125,宾县,哈尔滨市
770,230126,巴彦县,哈尔滨市
771,230127,木兰县,哈尔滨市
772,230128,通河县,哈尔滨市
773,230129,延寿县,哈尔滨市
774,230182,双城市,双城市
775,230183,尚志市,哈尔滨市
776,230184,五常市,哈尔滨市
777,230200,齐齐哈尔市,齐齐哈尔市
778,230201,市辖区,市辖区
779,230202,龙沙区,齐齐哈尔市
780,230203,建华区,齐齐哈尔市
781,230204,铁锋区,齐齐哈尔市
782,230205,昂昂溪区,齐齐哈尔市
783,230206,富拉尔基区,齐齐哈尔市
784,230207,碾子山区,齐齐哈尔市
785,230208,梅里斯达斡尔族区,齐齐哈尔市
786,230221,龙江县,齐齐哈尔市
787,230223,依安县,齐齐哈尔市
788,230224,泰来县,齐齐哈尔市
789,230225,甘南县,齐齐哈尔市
790,230227,富裕县,齐齐哈尔市
791,230229,克山县,齐齐哈尔市
792,230230,克东县,齐齐哈尔市
793,230231,拜泉县,齐齐哈尔市
794,230281,讷河市,齐齐哈尔市
795,230300,鸡西市,鸡西市
796,230301,市辖区,市辖区
797,230302,鸡冠区,鸡西市
798,230303,恒山区,鸡西市
799,230304,滴道区,鸡西市
800,230305,梨树区,鸡西市
801,230306,城子河区,鸡西市
802,230307,麻山区,鸡西市
803,230321,鸡东县,鸡西市
804,230381,虎林市,鸡西市
805,230382,密山市,鸡西市
806,230400,鹤岗市,鹤岗市
807,230401,市辖区,市辖区
808,230402,向阳区,鹤岗市
809,230403,工农区,鹤岗市
810,230404,南山区,鹤岗市
811,230405,兴安区,鹤岗市
812,230406,东山区,鹤岗市
813,230407,兴山区,鹤岗市
814,230421,萝北县,鹤岗市
815,230422,绥滨县,鹤岗市
816,230500,双鸭山市,双鸭山市
817,230501,市辖区,市辖区
818,230502,尖山区,双鸭山市
819,230503,岭东区,双鸭山市
820,230505,四方台区,双鸭山市
821,230506,宝山区,双鸭山市
822,230521,集贤县,双鸭山市
823,230522,友谊县,双鸭山市
824,230523,宝清县,双鸭山市
825,230524,饶河县,双鸭山市
826,230600,大庆市,大庆市
827,230601,市辖区,市辖区
828,230602,萨尔图区,大庆市
829,230603,龙凤区,大庆市
830,230604,让胡路区,大庆市
831,230605,红岗区,大庆市
832,230606,大同区,大庆市
833,230621,肇州县,大庆市
834,230622,肇源县,大庆市
835,230623,林甸县,大庆市
836,230624,杜尔伯特蒙古族自治县,大庆市
837,230700,伊春市,伊春市
838,230701,市辖区,市辖区
839,230702,伊春区,伊春市
840,230703,南岔区,伊春市
841,230704,友好区,伊春市
842,230705,西林区,伊春市
843,230706,翠峦区,伊春市
844,230707,新青区,伊春市
845,230708,美溪区,伊春市
846,230709,金山屯区,伊春市
847,230710,五营区,伊春市
848,230711,乌马河区,伊春市
849,230712,汤旺河区,伊春市
850,230713,带岭区,伊春市
851,230714,乌伊岭区,伊春市
852,230715,红星区,伊春市
853,230716,上甘岭区,伊春市
854,230717,伊美区,伊春市
855,230718,乌翠区,伊春市
856,230719,友好区,伊春市
857,230722,嘉荫县,伊春市
858,230723,汤旺县,伊春市
859,230724,丰林县,伊春市
860,230725,大箐山县,伊春市
861,230726,南岔县,伊春市
862,230751,金林区,伊春市
863,230781,铁力市,伊春市
864,230800,佳木斯市,佳木斯市
865,230801,市辖区,市辖区
866,230802,永红区,永红区
867,230803,向阳区,佳木斯市
868,230804,前进区,佳木斯市
869,230805,东风区,佳木斯市
870,230811,郊区,佳木斯市
871,230822,桦南县,佳木斯市
872,230826,桦川县,佳木斯市
873,230828,汤原县,佳木斯市
874,230833,抚远县,抚远县
875,230881,同江市,佳木斯市
876,230882,富锦市,佳木斯市
877,230883,抚远市,佳木斯市
878,230900,七台河市,七台河市
879,230901,市辖区,市辖区
880,230902,新兴区,七台河市
881,230903,桃山区,七台河市
882,230904,茄子河区,七台河市
883,230921,勃利县,七台河市
884,231000,牡丹江市,牡丹江市
885,231001,市辖区,市辖区
886,231002,东安区,牡丹江市
887,231003,阳明区,牡丹江市
888,231004,爱民区,牡丹江市
889,231005,西安区,牡丹江市
890,231024,东宁县,东宁县
891,231025,林口县,牡丹江市
892,231081,绥芬河市,牡丹江市
893,231083,海林市,牡丹江市
894,231084,宁安市,牡丹江市
895,231085,穆棱市,牡丹江市
896,231086,东宁市,牡丹江市
897,231100,黑河市,黑河市
898,231101,市辖区,市辖区
899,231102,爱辉区,黑河市
900,231121,嫩江县,黑河市
901,231123,逊克县,黑河市
902,231124,孙吴县,黑河市
903,231181,北安市,黑河市
904,231182,五大连池市,黑河市
905,231183,嫩江市,黑河市
906,231200,绥化市,绥化市
907,231201,市辖区,市辖区
908,231202,北林区,绥化市
909,231221,望奎县,绥化市
910,231222,兰西县,绥化市
911,231223,青冈县,绥化市
912,231224,庆安县,绥化市
913,231225,明水县,绥化市
914,231226,绥棱县,绥化市
915,231281,安达市,绥化市
916,231282,肇东市,绥化市
917,231283,海伦市,绥化市
918,232700,大兴安岭地区,大兴安岭地区
919,232701,漠河市,大兴安岭地区
920,232702,松岭区,松岭区
921,232703,新林区,新林区
922,232704,呼中区,呼中区
923,232721,呼玛县,大兴安岭地区
924,232722,塔河县,大兴安岭地区
925,232723,漠河县,大兴安岭地区
926,310000,上海市,上海市
927,310100,市辖区,市辖区
928,310101,黄浦区,上海市
929,310103,卢湾区,卢湾区
930,310104,徐汇区,上海市
931,310105,长宁区,上海市
932,310106,静安区,上海市
933,310107,普陀区,上海市
934,310108,闸北区,闸北区
935,310109,虹口区,上海市
936,310110,杨浦区,上海市
937,310112,闵行区,上海市
938,310113,宝山区,上海市
939,310114,嘉定区,上海市
940,310115,浦东新区,上海市
941,310116,金山区,上海市
942,310117,松江区,上海市
943,310118,青浦区,上海市
944,310119,南汇区,南汇区
945,310120,奉贤区,上海市
946,310151,崇明区,上海市
947,310200,县,县
948,310230,崇明县,崇明县
949,320000,江苏省,江苏省
950,320100,南京市,南京市
951,320101,市辖区,市辖区
952,320102,玄武区,南京市
953,320103,白下区,白下区
954,320104,秦淮区,南京市
955,320105,建邺区,南京市
956,320106,鼓楼区,南京市
957,320107,下关区,下关区
958,320111,浦口区,南京市
959,320113,栖霞区,南京市
960,320114,雨花台区,南京市
961,320115,江宁区,南京市
962,320116,六合区,南京市
963,320117,溧水区,南京市
964,320118,高淳区,南京市
965,320124,溧水县,溧水县
966,320125,高淳县,高淳县
967,320200,无锡市,无锡市
968,320201,市辖区,市辖区
969,320202,崇安区,崇安区
970,320203,南长区,南长区
971,320204,北塘区,北塘区
972,320205,锡山区,无锡市
973,320206,惠山区,无锡市
974,320211,滨湖区,无锡市
975,320213,梁溪区,无锡市
976,320214,新吴区,无锡市
977,320281,江阴市,无锡市
978,320282,宜兴市,无锡市
979,320300,徐州市,徐州市
980,320301,市辖区,市辖区
981,320302,鼓楼区,徐州市
982,320303,云龙区,徐州市
983,320304,九里区,九里区
984,320305,贾汪区,徐州市
985,320311,泉山区,徐州市
986,320312,铜山区,徐州市
987,320321,丰县,徐州市
988,320322,沛县,徐州市
989,320323,铜山县,铜山县
990,320324,睢宁县,徐州市
991,320381,新沂市,徐州市
992,320382,邳州市,徐州市
993,320400,常州市,常州市
994,320401,市辖区,市辖区
995,320402,天宁区,常州市
996,320404,钟楼区,常州市
997,320405,戚墅堰区,戚墅堰区
998,320411,新北区,常州市
999,320412,武进区,常州市
1000,320413,金坛区,常州市
1001,320481,溧阳市,常州市
1002,320482,金坛市,金坛市
1003,320500,苏州市,苏州市
1004,320501,市辖区,市辖区
1005,320502,沧浪区,沧浪区
1006,320503,平江区,平江区
1007,320504,金阊区,金阊区
1008,320505,虎丘区,苏州市
1009,320506,吴中区,苏州市
1010,320507,相城区,苏州市
1011,320508,姑苏区,苏州市
1012,320509,吴江区,苏州市
1013,320581,常熟市,苏州市
1014,320582,张家港市,苏州市
1015,320583,昆山市,苏州市
1016,320584,吴江市,吴江市
1017,320585,太仓市,苏州市
1018,320600,南通市,南通市
1019,320601,市辖区,市辖区
1020,320602,崇川区,南通市
1021,320611,港闸区,南通市
1022,320612,通州区,南通市
1023,320613,崇川区,南通市
1024,320614,海门区,南通市
1025,320621,海安县,南通市
1026,320623,如东县,南通市
1027,320681,启东市,南通市
1028,320682,如皋市,南通市
1029,320683,通州市,通州市
1030,320684,海门市,南通市
1031,320685,海安市,南通市
1032,320700,连云港市,连云港市
1033,320701,市辖区,市辖区
1034,320703,连云区,连云港市
1035,320705,新浦区,新浦区
1036,320706,海州区,连云港市
1037,320707,赣榆区,连云港市
1038,320721,赣榆县,赣榆县
1039,320722,东海县,连云港市
1040,320723,灌云县,连云港市
1041,320724,灌南县,连云港市
1042,320800,淮安市,淮安市
1043,320801,市辖区,市辖区
1044,320802,清河区,清河区
1045,320803,淮安区,淮安市
1046,320804,淮阴区,淮安市
1047,320811,清浦区,清浦区
1048,320812,清江浦区,淮安市
1049,320813,洪泽区,淮安市
1050,320826,涟水县,淮安市
1051,320829,洪泽县,洪泽县
1052,320830,盱眙县,淮安市
1053,320831,金湖县,淮安市
1054,320900,盐城市,盐城市
1055,320901,市辖区,市辖区
1056,320902,亭湖区,盐城市
1057,320903,盐都区,盐城市
1058,320904,大丰区,盐城市
1059,320921,响水县,盐城市
1060,320922,滨海县,盐城市
1061,320923,阜宁县,盐城市
1062,320924,射阳县,盐城市
1063,320925,建湖县,盐城市
1064,320981,东台市,盐城市
1065,320982,大丰市,大丰市
1066,321000,扬州市,扬州市
1067,321001,市辖区,市辖区
1068,321002,广陵区,扬州市
1069,321003,邗江区,扬州市
1070,321011,维扬区,维扬区
1071,321012,江都区,扬州市
1072,321023,宝应县,扬州市
1073,321081,仪征市,扬州市
1074,321084,高邮市,扬州市
1075,321088,江都市,江都市
1076,321100,镇江市,镇江市
1077,321101,市辖区,市辖区
1078,321102,京口区,镇江市
1079,321111,润州区,镇江市
1080,321112,丹徒区,镇江市
1081,321181,丹阳市,镇江市
1082,321182,扬中市,镇江市
1083,321183,句容市,镇江市
1084,321200,泰州市,泰州市
1085,321201,市辖区,市辖区
1086,321202,海陵区,泰州市
1087,321203,高港区,泰州市
1088,321204,姜堰区,泰州市
1089,321281,兴化市,泰州市
1090,321282,靖江市,泰州市
1091,321283,泰兴市,泰州市
1092,321284,姜堰市,姜堰市
1093,321300,宿迁市,宿迁市
1094,321301,市辖区,市辖区
1095,321302,宿城区,宿迁市
1096,321311,宿豫区,宿迁市
1097,321322,沭阳县,宿迁市
1098,321323,泗阳县,宿迁市
1099,321324,泗洪县,宿迁市
1100,330000,浙江省,浙江省
1101,330100,杭州市,杭州市
1102,330101,市辖区,市辖区
1103,330102,上城区,杭州市
1104,330103,下城区,杭州市
1105,330104,江干区,杭州市
1106,330105,拱墅区,杭州市
1107,330106,西湖区,杭州市
1108,330108,滨江区,杭州市
1109,330109,萧山区,杭州市
1110,330110,余杭区,杭州市
1111,330111,富阳区,杭州市
1112,330112,临安区,杭州市
1113,330122,桐庐县,杭州市
1114,330127,淳安县,杭州市
1115,330182,建德市,杭州市
1116,330183,富阳市,富阳市
1117,330185,临安市,临安市
1118,330200,宁波市,宁波市
1119,330201,市辖区,市辖区
1120,330203,海曙区,宁波市
1121,330204,江东区,江东区
1122,330205,江北区,宁波市
1123,330206,北仑区,宁波市
1124,330211,镇海区,宁波市
1125,330212,鄞州区,宁波市
1126,330213,奉化区,宁波市
1127,330225,象山县,宁波市
1128,330226,宁海县,宁波市
1129,330281,余姚市,宁波市
1130,330282,慈溪市,宁波市
1131,330283,奉化市,奉化市
1132,330300,温州市,温州市
1133,330301,市辖区,市辖区
1134,330302,鹿城区,温州市
1135,330303,龙湾区,温州市
1136,330304,瓯海区,温州市
1137,330305,洞头区,温州市
1138,330322,洞头县,洞头县
1139,330324,永嘉县,温州市
1140,330326,平阳县,温州市
1141,330327,苍南县,温州市
1142,330328,文成县,温州市
1143,330329,泰顺县,温州市
1144,330381,瑞安市,温州市
1145,330382,乐清市,温州市
1146,330383,龙港市,温州市
1147,330400,嘉兴市,嘉兴市
1148,330401,市辖区,市辖区
1149,330402,南湖区,嘉兴市
1150,330411,秀洲区,嘉兴市
1151,330421,嘉善县,嘉兴市
1152,330424,海盐县,嘉兴市
1153,330481,海宁市,嘉兴市
1154,330482,平湖市,嘉兴市
1155,330483,桐乡市,嘉兴市
1156,330500,湖州市,湖州市
1157,330501,市辖区,市辖区
1158,330502,吴兴区,湖州市
1159,330503,南浔区,湖州市
1160,330521,德清县,湖州市
1161,330522,长兴县,湖州市
1162,330523,安吉县,湖州市
1163,330600,绍兴市,绍兴市
1164,330601,市辖区,市辖区
1165,330602,越城区,绍兴市
1166,330603,柯桥区,绍兴市
1167,330604,上虞区,绍兴市
1168,330621,绍兴县,绍兴县
1169,330624,新昌县,绍兴市
1170,330681,诸暨市,绍兴市
1171,330682,上虞市,上虞市
1172,330683,嵊州市,绍兴市
1173,330700,金华市,金华市
1174,330701,市辖区,市辖区
1175,330702,婺城区,金华市
1176,330703,金东区,金华市
1177,330723,武义县,金华市
1178,330726,浦江县,金华市
1179,330727,磐安县,金华市
1180,330781,兰溪市,金华市
1181,330782,义乌市,金华市
1182,330783,东阳市,金华市
1183,330784,永康市,金华市
1184,330800,衢州市,衢州市
1185,330801,市辖区,市辖区
1186,330802,柯城区,衢州市
1187,330803,衢江区,衢州市
1188,330822,常山县,衢州市
1189,330824,开化县,衢州市
1190,330825,龙游县,衢州市
1191,330881,江山市,衢州市
1192,330900,舟山市,舟山市
1193,330901,市辖区,市辖区
1194,330902,定海区,舟山市
1195,330903,普陀区,舟山市
1196,330921,岱山县,舟山市
1197,330922,嵊泗县,舟山市
1198,331000,台州市,台州市
1199,331001,市辖区,市辖区
1200,331002,椒江区,台州市
1201,331003,黄岩区,台州市
1202,331004,路桥区,台州市
1203,331021,玉环县,玉环县
1204,331022,三门县,台州市
1205,331023,天台县,台州市
1206,331024,仙居县,台州市
1207,331081,温岭市,台州市
1208,331082,临海市,台州市
1209,331083,玉环市,台州市
1210,331100,丽水市,丽水市
1211,331101,市辖区,市辖区
1212,331102,莲都区,丽水市
1213,331121,青田县,丽水市
1214,331122,缙云县,丽水市
1215,331123,遂昌县,丽水市
1216,331124,松阳县,丽水市
1217,331125,云和县,丽水市
1218,331126,庆元县,丽水市
1219,331127,景宁畲族自治县,丽水市
1220,331181,龙泉市,丽水市
1221,340000,安徽省,安徽省
1222,340100,合肥市,合肥市
1223,340101,市辖区,市辖区
1224,340102,瑶海区,合肥市
1225,340103,庐阳区,合肥市
1226,340104,蜀山区,合肥市
1227,340111,包河区,合肥市
1228,340121,长丰县,合肥市
1229,340122,肥东县,合肥市
1230,340123,肥西县,合肥市
1231,340124,庐江县,合肥市
1232,340181,巢湖市,合肥市
1233,340200,芜湖市,芜湖市
1234,340201,市辖区,市辖区
1235,340202,镜湖区,芜湖市
1236,340203,弋江区,芜湖市
1237,340204,新芜区,新芜区
1238,340207,鸠江区,芜湖市
1239,340208,三山区,芜湖市
1240,340212,繁昌区,芜湖市
1241,340221,芜湖县,芜湖市
1242,340222,繁昌县,芜湖市
1243,340223,南陵县,芜湖市
1244,340225,无为县,芜湖市
1245,340281,无为市,芜湖市
1246,340300,蚌埠市,蚌埠市
1247,340301,市辖区,市辖区
1248,340302,龙子湖区,蚌埠市
1249,340303,蚌山区,蚌埠市
1250,340304,禹会区,蚌埠市
1251,340311,淮上区,蚌埠市
1252,340321,怀远县,蚌埠市
1253,340322,五河县,蚌埠市
1254,340323,固镇县,蚌埠市
1255,340400,淮南市,淮南市
1256,340401,市辖区,市辖区
1257,340402,大通区,淮南市
1258,340403,田家庵区,淮南市
1259,340404,谢家集区,淮南市
1260,340405,八公山区,淮南市
1261,340406,潘集区,淮南市
1262,340421,凤台县,淮南市
1263,340422,寿县,淮南市
1264,340500,马鞍山市,马鞍山市
1265,340501,市辖区,市辖区
1266,340502,金家庄区,金家庄区
1267,340503,花山区,马鞍山市
1268,340504,雨山区,马鞍山市
1269,340506,博望区,马鞍山市
1270,340521,当涂县,马鞍山市
1271,340522,含山县,马鞍山市
1272,340523,和县,马鞍山市
1273,340600,淮北市,淮北市
1274,340601,市辖区,市辖区
1275,340602,杜集区,淮北市
1276,340603,相山区,淮北市
1277,340604,烈山区,淮北市
1278,340621,濉溪县,淮北市
1279,340700,铜陵市,铜陵市
1280,340701,市辖区,市辖区
1281,340702,铜官山区,铜官山区
1282,340703,狮子山区,狮子山区
1283,340705,铜官区,铜陵市
1284,340706,义安区,铜陵市
1285,340711,郊区,铜陵市
1286,340721,铜陵县,铜陵县
1287,340722,枞阳县,铜陵市
1288,340800,安庆市,安庆市
1289,340801,市辖区,市辖区
1290,340802,迎江区,安庆市
1291,340803,大观区,安庆市
1292,340811,宜秀区,安庆市
1293,340822,怀宁县,安庆市
1294,340823,枞阳县,枞阳县
1295,340824,潜山县,安庆市
1296,340825,太湖县,安庆市
1297,340826,宿松县,安庆市
1298,340827,望江县,安庆市
1299,340828,岳西县,安庆市
1300,340881,桐城市,安庆市
1301,340882,潜山市,安庆市
1302,341000,黄山市,黄山市
1303,341001,市辖区,市辖区
1304,341002,屯溪区,黄山市
1305,341003,黄山区,黄山市
1306,341004,徽州区,黄山市
1307,341021,歙县,黄山市
1308,341022,休宁县,黄山市
1309,341023,黟县,黄山市
1310,341024,祁门县,黄山市
1311,341100,滁州市,滁州市
1312,341101,市辖区,市辖区
1313,341102,琅琊区,滁州市
1314,341103,南谯区,滁州市
1315,341122,来安县,滁州市
1316,341124,全椒县,滁州市
1317,341125,定远县,滁州市
1318,341126,凤阳县,滁州市
1319,341181,天长市,滁州市
1320,341182,明光市,滁州市
1321,341200,阜阳市,阜阳市
1322,341201,市辖区,市辖区
1323,341202,颍州区,阜阳市
1324,341203,颍东区,阜阳市
1325,341204,颍泉区,阜阳市
1326,341221,临泉县,阜阳市
1327,341222,太和县,阜阳市
1328,341225,阜南县,阜阳市
1329,341226,颍上县,阜阳市
1330,341282,界首市,阜阳市
1331,341300,宿州市,宿州市
1332,341301,市辖区,市辖区
1333,341302,桥区,宿州市
1334,341321,砀山县,宿州市
1335,341322,萧县,宿州市
1336,341323,灵璧县,宿州市
1337,341324,泗县,宿州市
1338,341400,巢湖市,巢湖市
1339,341402,居巢区,居巢区
1340,341421,庐江县,庐江县
1341,341422,无为县,无为县
1342,341423,含山县,含山县
1343,341424,和县,和县
1344,341500,六安市,六安市
1345,341501,市辖区,市辖区
1346,341502,金安区,六安市
1347,341503,裕安区,六安市
1348,341504,叶集区,六安市
1349,341521,寿县,寿县
1350,341522,霍邱县,六安市
1351,341523,舒城县,六安市
1352,341524,金寨县,六安市
1353,341525,霍山县,六安市
1354,341600,亳州市,亳州市
1355,341601,市辖区,市辖区
1356,341602,谯城区,亳州市
1357,341621,涡阳县,亳州市
1358,341622,蒙城县,亳州市
1359,341623,利辛县,亳州市
1360,341700,池州市,池州市
1361,341701,市辖区,市辖区
1362,341702,贵池区,池州市
1363,341721,东至县,池州市
1364,341722,石台县,池州市
1365,341723,青阳县,池州市
1366,341800,宣城市,宣城市
1367,341801,市辖区,市辖区
1368,341802,宣州区,宣城市
1369,341821,郎溪县,宣城市
1370,341822,广德县,宣城市
1371,341823,泾县,宣城市
1372,341824,绩溪县,宣城市
1373,341825,旌德县,宣城市
1374,341881,宁国市,宣城市
1375,341882,广德市,宣城市
1376,350000,福建省,福建省
1377,350100,福州市,福州市
1378,350101,市辖区,市辖区
1379,350102,鼓楼区,福州市
1380,350103,台江区,福州市
1381,350104,仓山区,福州市
1382,350105,马尾区,福州市
1383,350111,晋安区,福州市
1384,350112,长乐区,福州市
1385,350121,闽侯县,福州市
1386,350122,连江县,福州市
1387,350123,罗源县,福州市
1388,350124,闽清县,福州市
1389,350125,永泰县,福州市
1390,350128,平潭县,福州市
1391,350181,福清市,福州市
1392,350182,长乐市,长乐市
1393,350200,厦门市,厦门市
1394,350201,市辖区,市辖区
1395,350203,思明区,厦门市
1396,350205,海沧区,厦门市
1397,350206,湖里区,厦门市
1398,350211,集美区,厦门市
1399,350212,同安区,厦门市
1400,350213,翔安区,厦门市
1401,350300,莆田市,莆田市
1402,350301,市辖区,市辖区
1403,350302,城厢区,莆田市
1404,350303,涵江区,莆田市
1405,350304,荔城区,莆田市
1406,350305,秀屿区,莆田市
1407,350322,仙游县,莆田市
1408,350400,三明市,三明市
1409,350401,市辖区,市辖区
1410,350402,梅列区,三明市
1411,350403,三元区,三明市
1412,350421,明溪县,三明市
1413,350423,清流县,三明市
1414,350424,宁化县,三明市
1415,350425,大田县,三明市
1416,350426,尤溪县,三明市
1417,350427,沙县,三明市
1418,350428,将乐县,三明市
1419,350429,泰宁县,三明市
1420,350430,建宁县,三明市
1421,350481,永安市,三明市
1422,350500,泉州市,泉州市
1423,350501,市辖区,市辖区
1424,350502,鲤城区,泉州市
1425,350503,丰泽区,泉州市
1426,350504,洛江区,泉州市
1427,350505,泉港区,泉州市
1428,350521,惠安县,泉州市
1429,350524,安溪县,泉州市
1430,350525,永春县,泉州市
1431,350526,德化县,泉州市
1432,350527,金门县,泉州市
1433,350581,石狮市,泉州市
1434,350582,晋江市,泉州市
1435,350583,南安市,泉州市
1436,350600,漳州市,漳州市
1437,350601,市辖区,市辖区
1438,350602,芗城区,漳州市
1439,350603,龙文区,漳州市
1440,350622,云霄县,漳州市
1441,350623,漳浦县,漳州市
1442,350624,诏安县,漳州市
1443,350625,长泰县,漳州市
1444,350626,东山县,漳州市
1445,350627,南靖县,漳州市
1446,350628,平和县,漳州市
1447,350629,华安县,漳州市
1448,350681,龙海市,漳州市
1449,350700,南平市,南平市
1450,350701,市辖区,市辖区
1451,350702,延平区,南平市
1452,350703,建阳区,南平市
1453,350721,顺昌县,南平市
1454,350722,浦城县,南平市
1455,350723,光泽县,南平市
1456,350724,松溪县,南平市
1457,350725,政和县,南平市
1458,350781,邵武市,南平市
1459,350782,武夷山市,南平市
1460,350783,建瓯市,南平市
1461,350784,建阳市,建阳市
1462,350800,龙岩市,龙岩市
1463,350801,市辖区,市辖区
1464,350802,新罗区,龙岩市
1465,350803,永定区,龙岩市
1466,350821,长汀县,龙岩市
1467,350822,永定县,永定县
1468,350823,上杭县,龙岩市
1469,350824,武平县,龙岩市
1470,350825,连城县,龙岩市
1471,350881,漳平市,龙岩市
1472,350900,宁德市,宁德市
1473,350901,市辖区,市辖区
1474,350902,蕉城区,宁德市
1475,350921,霞浦县,宁德市
1476,350922,古田县,宁德市
1477,350923,屏南县,宁德市
1478,350924,寿宁县,宁德市
1479,350925,周宁县,宁德市
1480,350926,柘荣县,宁德市
1481,350981,福安市,宁德市
1482,350982,福鼎市,宁德市
1483,360000,江西省,江西省
1484,360021,上饶县,上饶县
1485,360100,南昌市,南昌市
1486,360101,市辖区,市辖区
1487,360102,东湖区,南昌市
1488,360103,西湖区,南昌市
1489,360104,青云谱区,南昌市
1490,360105,湾里区,南昌市
1491,360111,青山湖区,南昌市
1492,360112,新建区,南昌市
1493,360113,红谷滩区,南昌市
1494,360121,南昌县,南昌市
1495,360122,新建县,新建县
1496,360123,安义县,南昌市
1497,360124,进贤县,南昌市
1498,360200,景德镇市,景德镇市
1499,360201,市辖区,市辖区
1500,360202,昌江区,景德镇市
1501,360203,珠山区,景德镇市
1502,360222,浮梁县,景德镇市
1503,360281,乐平市,景德镇市
1504,360300,萍乡市,萍乡市
1505,360301,市辖区,市辖区
1506,360302,安源区,萍乡市
1507,360313,湘东区,萍乡市
1508,360321,莲花县,萍乡市
1509,360322,上栗县,萍乡市
1510,360323,芦溪县,萍乡市
1511,360400,九江市,九江市
1512,360401,市辖区,市辖区
1513,360402,濂溪区,九江市
1514,360403,浔阳区,九江市
1515,360404,柴桑区,九江市
1516,360421,九江县,九江县
1517,360423,武宁县,九江市
1518,360424,修水县,九江市
1519,360425,永修县,九江市
1520,360426,德安县,九江市
1521,360427,星子县,星子县
1522,360428,都昌县,九江市
1523,360429,湖口县,九江市
1524,360430,彭泽县,九江市
1525,360481,瑞昌市,九江市
1526,360482,共青城市,九江市
1527,360483,庐山市,九江市
1528,360500,新余市,新余市
1529,360501,市辖区,市辖区
1530,360502,渝水区,新余市
1531,360521,分宜县,新余市
1532,360600,鹰潭市,鹰潭市
1533,360601,市辖区,市辖区
1534,360602,月湖区,鹰潭市
1535,360603,余江区,鹰潭市
1536,360622,余江县,鹰潭市
1537,360681,贵溪市,鹰潭市
1538,360700,赣州市,赣州市
1539,360701,市辖区,市辖区
1540,360702,章贡区,赣州市
1541,360703,南康区,赣州市
1542,360704,赣县区,赣州市
1543,360721,赣县,赣县
1544,360722,信丰县,赣州市
1545,360723,大余县,赣州市
1546,360724,上犹县,赣州市
1547,360725,崇义县,赣州市
1548,360726,安远县,赣州市
1549,360727,龙南县,赣州市
1550,360728,定南县,赣州市
1551,360729,全南县,赣州市
1552,360730,宁都县,赣州市
1553,360731,于都县,赣州市
1554,360732,兴国县,赣州市
1555,360733,会昌县,赣州市
1556,360734,寻乌县,赣州市
1557,360735,石城县,赣州市
1558,360781,瑞金市,赣州市
1559,360782,南康市,南康市
1560,360783,龙南市,赣州市
1561,360800,吉安市,吉安市
1562,360801,市辖区,市辖区
1563,360802,吉州区,吉安市
1564,360803,青原区,吉安市
1565,360821,吉安县,吉安市
1566,360822,吉水县,吉安市
1567,360823,峡江县,吉安市
1568,360824,新干县,吉安市
1569,360825,永丰县,吉安市
1570,360826,泰和县,吉安市
1571,360827,遂川县,吉安市
1572,360828,万安县,吉安市
1573,360829,安福县,吉安市
1574,360830,永新县,吉安市
1575,360881,井冈山市,吉安市
1576,360900,宜春市,宜春市
1577,360901,市辖区,市辖区
1578,360902,袁州区,宜春市
1579,360921,奉新县,宜春市
1580,360922,万载县,宜春市
1581,360923,上高县,宜春市
1582,360924,宜丰县,宜春市
1583,360925,靖安县,宜春市
1584,360926,铜鼓县,宜春市
1585,360981,丰城市,宜春市
1586,360982,樟树市,宜春市
1587,360983,高安市,宜春市
1588,361000,抚州市,抚州市
1589,361001,市辖区,市辖区
1590,361002,临川区,抚州市
1591,361003,东乡区,抚州市
1592,361021,南城县,抚州市
1593,361022,黎川县,抚州市
1594,361023,南丰县,抚州市
1595,361024,崇仁县,抚州市
1596,361025,乐安县,抚州市
1597,361026,宜黄县,抚州市
1598,361027,金溪县,抚州市
1599,361028,资溪县,抚州市
1600,361029,东乡县,东乡县
1601,361030,广昌县,抚州市
1602,361100,上饶市,上饶市
1603,361101,市辖区,市辖区
1604,361102,信州区,上饶市
1605,361103,广丰区,上饶市
1606,361104,广信区,上饶市
1607,361121,上饶县,上饶市
1608,361122,广丰县,广丰县
1609,361123,玉山县,上饶市
1610,361124,铅山县,上饶市
1611,361125,横峰县,上饶市
1612,361126,弋阳县,上饶市
1613,361127,余干县,上饶市
1614,361128,鄱阳县,上饶市
1615,361129,万年县,上饶市
1616,361130,婺源县,上饶市
1617,361181,德兴市,上饶市
1618,370000,山东省,山东省
1619,370100,济南市,济南市
1620,370101,市辖区,市辖区
1621,370102,历下区,济南市
1622,370103,市中区,济南市
1623,370104,槐荫区,济南市
1624,370105,天桥区,济南市
1625,370112,历城区,济南市
1626,370113,长清区,济南市
1627,370114,章丘区,济南市
1628,370115,济阳区,济南市
1629,370116,莱芜区,济南市
1630,370117,钢城区,济南市
1631,370124,平阴县,济南市
1632,370125,济阳县,济南市
1633,370126,商河县,济南市
1634,370181,章丘市,章丘市
1635,370200,青岛市,青岛市
1636,370201,市辖区,市辖区
1637,370202,市南区,青岛市
1638,370203,市北区,青岛市
1639,370205,四方区,四方区
1640,370211,黄岛区,青岛市
1641,370212,崂山区,青岛市
1642,370213,李沧区,青岛市
1643,370214,城阳区,青岛市
1644,370215,即墨区,青岛市
1645,370281,胶州市,青岛市
1646,370282,即墨市,即墨市
1647,370283,平度市,青岛市
1648,370284,胶南市,胶南市
1649,370285,莱西市,青岛市
1650,370300,淄博市,淄博市
1651,370301,市辖区,市辖区
1652,370302,淄川区,淄博市
1653,370303,张店区,淄博市
1654,370304,博山区,淄博市
1655,370305,临淄区,淄博市
1656,370306,周村区,淄博市
1657,370321,桓台县,淄博市
1658,370322,高青县,淄博市
1659,370323,沂源县,淄博市
1660,370400,枣庄市,枣庄市
1661,370401,市辖区,市辖区
1662,370402,市中区,枣庄市
1663,370403,薛城区,枣庄市
1664,370404,峄城区,枣庄市
1665,370405,台儿庄区,枣庄市
1666,370406,山亭区,枣庄市
1667,370481,滕州市,枣庄市
1668,370500,东营市,东营市
1669,370501,市辖区,市辖区
1670,370502,东营区,东营市
1671,370503,河口区,东营市
1672,370505,垦利区,东营市
1673,370521,垦利县,垦利县
1674,370522,利津县,东营市
1675,370523,广饶县,东营市
1676,370600,烟台市,烟台市
1677,370601,市辖区,市辖区
1678,370602,芝罘区,烟台市
1679,370611,福山区,烟台市
1680,370612,牟平区,烟台市
1681,370613,莱山区,烟台市
1682,370614,蓬莱区,烟台市
1683,370634,长岛县,烟台市
1684,370681,龙口市,烟台市
1685,370682,莱阳市,烟台市
1686,370683,莱州市,烟台市
1687,370684,蓬莱市,烟台市
1688,370685,招远市,烟台市
1689,370686,栖霞市,烟台市
1690,370687,海阳市,烟台市
1691,370700,潍坊市,潍坊市
1692,370701,市辖区,市辖区
1693,370702,潍城区,潍坊市
1694,370703,寒亭区,潍坊市
1695,370704,坊子区,潍坊市
1696,370705,奎文区,潍坊市
1697,370724,临朐县,潍坊市
1698,370725,昌乐县,潍坊市
1699,370781,青州市,潍坊市
1700,370782,诸城市,潍坊市
1701,370783,寿光市,潍坊市
1702,370784,安丘市,潍坊市
1703,370785,高密市,潍坊市
1704,370786,昌邑市,潍坊市
1705,370800,济宁市,济宁市
1706,370801,市辖区,市辖区
1707,370802,市中区,市中区
1708,370811,任城区,济宁市
1709,370812,兖州区,济宁市
1710,370826,微山县,济宁市
1711,370827,鱼台县,济宁市
1712,370828,金乡县,济宁市
1713,370829,嘉祥县,济宁市
1714,370830,汶上县,济宁市
1715,370831,泗水县,济宁市
1716,370832,梁山县,济宁市
1717,370881,曲阜市,济宁市
1718,370882,兖州市,兖州市
1719,370883,邹城市,济宁市
1720,370900,泰安市,泰安市
1721,370901,市辖区,市辖区
1722,370902,泰山区,泰安市
1723,370903,岱岳区,岱岳区
1724,370911,岱岳区,泰安市
1725,370921,宁阳县,泰安市
1726,370923,东平县,泰安市
1727,370982,新泰市,泰安市
1728,370983,肥城市,泰安市
1729,371000,威海市,威海市
1730,371001,市辖区,市辖区
1731,371002,环翠区,威海市
1732,371003,文登区,威海市
1733,371081,文登市,文登市
1734,371082,荣成市,威海市
1735,371083,乳山市,威海市
1736,371100,日照市,日照市
1737,371101,市辖区,市辖区
1738,371102,东港区,日照市
1739,371103,岚山区,日照市
1740,371121,五莲县,日照市
1741,371122,莒县,日照市
1742,371200,莱芜市,莱芜市
1743,371201,市辖区,市辖区
1744,371202,莱城区,莱芜市
1745,371203,钢城区,莱芜市
1746,371300,临沂市,临沂市
1747,371301,市辖区,市辖区
1748,371302,兰山区,临沂市
1749,371311,罗庄区,临沂市
1750,371312,河东区,临沂市
1751,371321,沂南县,临沂市
1752,371322,郯城县,临沂市
1753,371323,沂水县,临沂市
1754,371324,兰陵县,临沂市
1755,371325,费县,临沂市
1756,371326,平邑县,临沂市
1757,371327,莒南县,临沂市
1758,371328,蒙阴县,临沂市
1759,371329,临沭县,临沂市
1760,371400,德州市,德州市
1761,371401,市辖区,市辖区
1762,371402,德城区,德州市
1763,371403,陵城区,德州市
1764,371421,陵县,陵县
1765,371422,宁津县,德州市
1766,371423,庆云县,德州市
1767,371424,临邑县,德州市
1768,371425,齐河县,德州市
1769,371426,平原县,德州市
1770,371427,夏津县,德州市
1771,371428,武城县,德州市
1772,371481,乐陵市,德州市
1773,371482,禹城市,德州市
1774,371500,聊城市,聊城市
1775,371501,市辖区,市辖区
1776,371502,东昌府区,聊城市
1777,371503,茌平区,聊城市
1778,371521,阳谷县,聊城市
1779,371522,莘县,聊城市
1780,371523,茌平县,聊城市
1781,371524,东阿县,聊城市
1782,371525,冠县,聊城市
1783,371526,高唐县,聊城市
1784,371581,临清市,聊城市
1785,371600,滨州市,滨州市
1786,371601,市辖区,市辖区
1787,371602,滨城区,滨州市
1788,371603,沾化区,滨州市
1789,371621,惠民县,滨州市
1790,371622,阳信县,滨州市
1791,371623,无棣县,滨州市
1792,371624,沾化县,沾化县
1793,371625,博兴县,滨州市
1794,371626,邹平县,滨州市
1795,371681,邹平市,滨州市
1796,371700,菏泽市,菏泽市
1797,371701,市辖区,市辖区
1798,371702,牡丹区,菏泽市
1799,371703,定陶区,菏泽市
1800,371721,曹县,菏泽市
1801,371722,单县,菏泽市
1802,371723,成武县,菏泽市
1803,371724,巨野县,菏泽市
1804,371725,郓城县,菏泽市
1805,371726,鄄城县,菏泽市
1806,371727,定陶县,定陶县
1807,371728,东明县,菏泽市
1808,410000,河南省,河南省
1809,410100,郑州市,郑州市
1810,410101,市辖区,市辖区
1811,410102,中原区,郑州市
1812,410103,二七区,郑州市
1813,410104,管城回族区,郑州市
1814,410105,金水区,郑州市
1815,410106,上街区,郑州市
1816,410108,惠济区,郑州市
1817,410122,中牟县,郑州市
1818,410181,巩义市,郑州市
1819,410182,荥阳市,郑州市
1820,410183,新密市,郑州市
1821,410184,新郑市,郑州市
1822,410185,登封市,郑州市
1823,410200,开封市,开封市
1824,410201,市辖区,市辖区
1825,410202,龙亭区,开封市
1826,410203,顺河回族区,开封市
1827,410204,鼓楼区,开封市
1828,410205,禹王台区,开封市
1829,410211,金明区,金明区
1830,410212,祥符区,开封市
1831,410221,杞县,开封市
1832,410222,通许县,开封市
1833,410223,尉氏县,开封市
1834,410224,开封县,开封县
1835,410225,兰考县,开封市
1836,410300,洛阳市,洛阳市
1837,410301,市辖区,市辖区
1838,410302,老城区,洛阳市
1839,410303,西工区,洛阳市
1840,410304,e河回族区,洛阳市
1841,410305,涧西区,洛阳市
1842,410306,吉利区,洛阳市
1843,410307,洛龙区,洛龙区
1844,410311,洛龙区,洛阳市
1845,410322,孟津县,洛阳市
1846,410323,新安县,洛阳市
1847,410324,栾川县,洛阳市
1848,410325,嵩县,洛阳市
1849,410326,汝阳县,洛阳市
1850,410327,宜阳县,洛阳市
1851,410328,洛宁县,洛阳市
1852,410329,伊川县,洛阳市
1853,410381,偃师市,洛阳市
1854,410400,平顶山市,平顶山市
1855,410401,市辖区,市辖区
1856,410402,新华区,平顶山市
1857,410403,卫东区,平顶山市
1858,410404,石龙区,平顶山市
1859,410411,湛河区,平顶山市
1860,410421,宝丰县,平顶山市
1861,410422,叶县,平顶山市
1862,410423,鲁山县,平顶山市
1863,410425,郏县,平顶山市
1864,410481,舞钢市,平顶山市
1865,410482,汝州市,平顶山市
1866,410500,安阳市,安阳市
1867,410501,市辖区,市辖区
1868,410502,文峰区,安阳市
1869,410503,北关区,安阳市
1870,410505,殷都区,安阳市
1871,410506,龙安区,安阳市
1872,410522,安阳县,安阳市
1873,410523,汤阴县,安阳市
1874,410526,滑县,安阳市
1875,410527,内黄县,安阳市
1876,410581,林州市,安阳市
1877,410600,鹤壁市,鹤壁市
1878,410601,市辖区,市辖区
1879,410602,鹤山区,鹤壁市
1880,410603,山城区,鹤壁市
1881,410611,淇滨区,鹤壁市
1882,410621,浚县,鹤壁市
1883,410622,淇县,鹤壁市
1884,410700,新乡市,新乡市
1885,410701,市辖区,市辖区
1886,410702,红旗区,新乡市
1887,410703,卫滨区,新乡市
1888,410704,凤泉区,新乡市
1889,410711,牧野区,新乡市
1890,410721,新乡县,新乡市
1891,410724,获嘉县,新乡市
1892,410725,原阳县,新乡市
1893,410726,延津县,新乡市
1894,410727,封丘县,新乡市
1895,410728,长垣县,新乡市
1896,410781,卫辉市,新乡市
1897,410782,辉县市,新乡市
1898,410783,长垣市,新乡市
1899,410800,焦作市,焦作市
1900,410801,市辖区,市辖区
1901,410802,解放区,焦作市
1902,410803,中站区,焦作市
1903,410804,马村区,焦作市
1904,410811,山阳区,焦作市
1905,410821,修武县,焦作市
1906,410822,博爱县,焦作市
1907,410823,武陟县,焦作市
1908,410825,温县,焦作市
1909,410881,济源市,济源市
1910,410882,沁阳市,焦作市
1911,410883,孟州市,焦作市
1912,410900,濮阳市,濮阳市
1913,410901,市辖区,市辖区
1914,410902,华龙区,濮阳市
1915,410922,清丰县,濮阳市
1916,410923,南乐县,濮阳市
1917,410926,范县,濮阳市
1918,410927,台前县,濮阳市
1919,410928,濮阳县,濮阳市
1920,411000,许昌市,许昌市
1921,411001,市辖区,市辖区
1922,411002,魏都区,许昌市
1923,411003,建安区,许昌市
1924,411023,许昌县,许昌县
1925,411024,鄢陵县,许昌市
1926,411025,襄城县,许昌市
1927,411081,禹州市,许昌市
1928,411082,长葛市,许昌市
1929,411100,漯河市,漯河市
1930,411101,市辖区,市辖区
1931,411102,源汇区,漯河市
1932,411103,郾城区,漯河市
1933,411104,召陵区,漯河市
1934,411121,舞阳县,漯河市
1935,411122,临颍县,漯河市
1936,411200,三门峡市,三门峡市
1937,411201,市辖区,市辖区
1938,411202,湖滨区,三门峡市
1939,411203,陕州区,三门峡市
1940,411221,渑池县,三门峡市
1941,411222,陕县,陕县
1942,411224,卢氏县,三门峡市
1943,411281,义马市,三门峡市
1944,411282,灵宝市,三门峡市
1945,411300,南阳市,南阳市
1946,411301,市辖区,市辖区
1947,411302,宛城区,南阳市
1948,411303,卧龙区,南阳市
1949,411321,南召县,南阳市
1950,411322,方城县,南阳市
1951,411323,西峡县,南阳市
1952,411324,镇平县,南阳市
1953,411325,内乡县,南阳市
1954,411326,淅川县,南阳市
1955,411327,社旗县,南阳市
1956,411328,唐河县,南阳市
1957,411329,新野县,南阳市
1958,411330,桐柏县,南阳市
1959,411381,邓州市,南阳市
1960,411400,商丘市,商丘市
1961,411401,市辖区,市辖区
1962,411402,梁园区,商丘市
1963,411403,睢阳区,商丘市
1964,411421,民权县,商丘市
1965,411422,睢县,商丘市
1966,411423,宁陵县,商丘市
1967,411424,柘城县,商丘市
1968,411425,虞城县,商丘市
1969,411426,夏邑县,商丘市
1970,411481,永城市,商丘市
1971,411500,信阳市,信阳市
1972,411501,市辖区,市辖区
1973,411502,负忧,信阳市
1974,411503,平桥区,信阳市
1975,411521,罗山县,信阳市
1976,411522,光山县,信阳市
1977,411523,新县,信阳市
1978,411524,商城县,信阳市
1979,411525,固始县,信阳市
1980,411526,潢川县,信阳市
1981,411527,淮滨县,信阳市
1982,411528,息县,信阳市
1983,411600,周口市,周口市
1984,411601,市辖区,市辖区
1985,411602,川汇区,周口市
1986,411603,淮阳区,周口市
1987,411621,扶沟县,周口市
1988,411622,西华县,周口市
1989,411623,商水县,周口市
1990,411624,沈丘县,周口市
1991,411625,郸城县,周口市
1992,411626,淮阳县,周口市
1993,411627,太康县,周口市
1994,411628,鹿邑县,周口市
1995,411681,项城市,周口市
1996,411700,驻马店市,驻马店市
1997,411701,市辖区,市辖区
1998,411702,驿城区,驻马店市
1999,411721,西平县,驻马店市
2000,411722,上蔡县,驻马店市
2001,411723,平舆县,驻马店市
2002,411724,正阳县,驻马店市
2003,411725,确山县,驻马店市
2004,411726,泌阳县,驻马店市
2005,411727,汝南县,驻马店市
2006,411728,遂平县,驻马店市
2007,411729,新蔡县,驻马店市
2008,419000,省直辖县级行政区划,省直辖县级行政区划
2009,419001,济源市,驻马店市
2010,420000,湖北省,湖北省
2011,420100,武汉市,武汉市
2012,420101,市辖区,市辖区
2013,420102,江岸区,武汉市
2014,420103,江汉区,武汉市
2015,420104,~口区,武汉市
2016,420105,汉阳区,武汉市
2017,420106,武昌区,武汉市
2018,420107,青山区,武汉市
2019,420111,洪山区,武汉市
2020,420112,东西湖区,武汉市
2021,420113,汉南区,武汉市
2022,420114,蔡甸区,武汉市
2023,420115,江夏区,武汉市
2024,420116,黄陂区,武汉市
2025,420117,新洲区,武汉市
2026,420200,黄石市,黄石市
2027,420201,市辖区,市辖区
2028,420202,黄石港区,黄石市
2029,420203,西塞山区,黄石市
2030,420204,下陆区,黄石市
2031,420205,铁山区,黄石市
2032,420222,阳新县,黄石市
2033,420281,大冶市,黄石市
2034,420300,十堰市,十堰市
2035,420301,市辖区,市辖区
2036,420302,茅箭区,十堰市
2037,420303,张湾区,十堰市
2038,420304,郧阳区,十堰市
2039,420321,郧县,郧县
2040,420322,郧西县,十堰市
2041,420323,竹山县,十堰市
2042,420324,竹溪县,十堰市
2043,420325,房县,十堰市
2044,420381,丹江口市,十堰市
2045,420500,宜昌市,宜昌市
2046,420501,市辖区,市辖区
2047,420502,西陵区,宜昌市
2048,420503,伍家岗区,宜昌市
2049,420504,点军区,宜昌市
2050,420505,V亭区,宜昌市
2051,420506,夷陵区,宜昌市
2052,420525,远安县,宜昌市
2053,420526,兴山县,宜昌市
2054,420527,秭归县,宜昌市
2055,420528,长阳土家族自治县,宜昌市
2056,420529,五峰土家族自治县,宜昌市
2057,420581,宜都市,宜昌市
2058,420582,当阳市,宜昌市
2059,420583,枝江市,宜昌市
2060,420600,襄阳市,襄阳市
2061,420601,市辖区,市辖区
2062,420602,襄城区,襄阳市
2063,420606,樊城区,襄阳市
2064,420607,襄州区,襄阳市
2065,420624,南漳县,襄阳市
2066,420625,谷城县,襄阳市
2067,420626,保康县,襄阳市
2068,420682,老河口市,襄阳市
2069,420683,枣阳市,襄阳市
2070,420684,宜城市,襄阳市
2071,420700,鄂州市,鄂州市
2072,420701,市辖区,市辖区
2073,420702,梁子湖区,鄂州市
2074,420703,华容区,鄂州市
2075,420704,鄂城区,鄂州市
2076,420800,荆门市,荆门市
2077,420801,市辖区,市辖区
2078,420802,东宝区,荆门市
2079,420804,掇刀区,荆门市
2080,420821,京山县,荆门市
2081,420822,沙洋县,荆门市
2082,420881,钟祥市,荆门市
2083,420882,京山市,荆门市
2084,420900,孝感市,孝感市
2085,420901,市辖区,市辖区
2086,420902,孝南区,孝感市
2087,420921,孝昌县,孝感市
2088,420922,大悟县,孝感市
2089,420923,云梦县,孝感市
2090,420981,应城市,孝感市
2091,420982,安陆市,孝感市
2092,420984,汉川市,孝感市
2093,421000,荆州市,荆州市
2094,421001,市辖区,市辖区
2095,421002,沙市区,荆州市
2096,421003,荆州区,荆州市
2097,421022,公安县,荆州市
2098,421023,监利县,荆州市
2099,421024,江陵县,荆州市
2100,421081,石首市,荆州市
2101,421083,洪湖市,荆州市
2102,421087,松滋市,荆州市
2103,421088,监利市,荆州市
2104,421100,黄冈市,黄冈市
2105,421101,市辖区,市辖区
2106,421102,黄州区,黄冈市
2107,421121,团风县,黄冈市
2108,421122,红安县,黄冈市
2109,421123,罗田县,黄冈市
2110,421124,英山县,黄冈市
2111,421125,浠水县,黄冈市
2112,421126,蕲春县,黄冈市
2113,421127,黄梅县,黄冈市
2114,421181,麻城市,黄冈市
2115,421182,武穴市,黄冈市
2116,421200,咸宁市,咸宁市
2117,421201,市辖区,市辖区
2118,421202,咸安区,咸宁市
2119,421221,嘉鱼县,咸宁市
2120,421222,通城县,咸宁市
2121,421223,崇阳县,咸宁市
2122,421224,通山县,咸宁市
2123,421281,赤壁市,咸宁市
2124,421300,随州市,随州市
2125,421301,市辖区,市辖区
2126,421302,曾都区,曾都区
2127,421303,曾都区,随州市
2128,421321,随县,随州市
2129,421381,广水市,随州市
2130,422800,恩施土家族苗族自治州,恩施土家族苗族自治州
2131,422801,恩施市,恩施土家族苗族自治州
2132,422802,利川市,恩施土家族苗族自治州
2133,422822,建始县,恩施土家族苗族自治州
2134,422823,巴东县,恩施土家族苗族自治州
2135,422825,宣恩县,恩施土家族苗族自治州
2136,422826,咸丰县,恩施土家族苗族自治州
2137,422827,来凤县,恩施土家族苗族自治州
2138,422828,鹤峰县,恩施土家族苗族自治州
2139,429000,省直辖县级行政区划,省直辖县级行政区划
2140,429004,仙桃市,恩施土家族苗族自治州
2141,429005,潜江市,恩施土家族苗族自治州
2142,429006,天门市,恩施土家族苗族自治州
2143,429021,神农架林区,恩施土家族苗族自治州
2144,430000,湖南省,湖南省
2145,430100,长沙市,长沙市
2146,430101,市辖区,市辖区
2147,430102,芙蓉区,长沙市
2148,430103,天心区,长沙市
2149,430104,岳麓区,长沙市
2150,430105,开福区,长沙市
2151,430111,雨花区,长沙市
2152,430112,望城区,长沙市
2153,430121,长沙县,长沙市
2154,430122,望城县,望城县
2155,430124,宁乡县,宁乡县
2156,430181,浏阳市,长沙市
2157,430182,宁乡市,长沙市
2158,430200,株洲市,株洲市
2159,430201,市辖区,市辖区
2160,430202,荷塘区,株洲市
2161,430203,芦淞区,株洲市
2162,430204,石峰区,株洲市
2163,430211,天元区,株洲市
2164,430212,渌口区,株洲市
2165,430221,株洲县,株洲市
2166,430223,攸县,株洲市
2167,430224,茶陵县,株洲市
2168,430225,炎陵县,株洲市
2169,430281,醴陵市,株洲市
2170,430300,湘潭市,湘潭市
2171,430301,市辖区,市辖区
2172,430302,雨湖区,湘潭市
2173,430304,岳塘区,湘潭市
2174,430321,湘潭县,湘潭市
2175,430381,湘乡市,湘潭市
2176,430382,韶山市,湘潭市
2177,430400,衡阳市,衡阳市
2178,430401,市辖区,市辖区
2179,430405,珠晖区,衡阳市
2180,430406,雁峰区,衡阳市
2181,430407,石鼓区,衡阳市
2182,430408,蒸湘区,衡阳市
2183,430412,南岳区,衡阳市
2184,430421,衡阳县,衡阳市
2185,430422,衡南县,衡阳市
2186,430423,衡山县,衡阳市
2187,430424,衡东县,衡阳市
2188,430426,祁东县,衡阳市
2189,430481,耒阳市,衡阳市
2190,430482,常宁市,衡阳市
2191,430500,邵阳市,邵阳市
2192,430501,市辖区,市辖区
2193,430502,双清区,邵阳市
2194,430503,大祥区,邵阳市
2195,430511,北塔区,邵阳市
2196,430521,邵东县,邵阳市
2197,430522,新邵县,邵阳市
2198,430523,邵阳县,邵阳市
2199,430524,隆回县,邵阳市
2200,430525,洞口县,邵阳市
2201,430527,绥宁县,邵阳市
2202,430528,新宁县,邵阳市
2203,430529,城步苗族自治县,邵阳市
2204,430581,武冈市,邵阳市
2205,430582,邵东市,邵阳市
2206,430600,岳阳市,岳阳市
2207,430601,市辖区,市辖区
2208,430602,岳阳楼区,岳阳市
2209,430603,云溪区,岳阳市
2210,430611,君山区,岳阳市
2211,430621,岳阳县,岳阳市
2212,430623,华容县,岳阳市
2213,430624,湘阴县,岳阳市
2214,430626,平江县,岳阳市
2215,430681,汨罗市,岳阳市
2216,430682,临湘市,岳阳市
2217,430700,常德市,常德市
2218,430701,市辖区,市辖区
2219,430702,武陵区,常德市
2220,430703,鼎城区,常德市
2221,430721,安乡县,常德市
2222,430722,汉寿县,常德市
2223,430723,澧县,常德市
2224,430724,临澧县,常德市
2225,430725,桃源县,常德市
2226,430726,石门县,常德市
2227,430781,津市市,常德市
2228,430800,张家界市,张家界市
2229,430801,市辖区,市辖区
2230,430802,永定区,张家界市
2231,430811,武陵源区,张家界市
2232,430821,慈利县,张家界市
2233,430822,桑植县,张家界市
2234,430900,益阳市,益阳市
2235,430901,市辖区,市辖区
2236,430902,资阳区,益阳市
2237,430903,赫山区,益阳市
2238,430921,南县,益阳市
2239,430922,桃江县,益阳市
2240,430923,安化县,益阳市
2241,430981,沅江市,益阳市
2242,431000,郴州市,郴州市
2243,431001,市辖区,市辖区
2244,431002,北湖区,郴州市
2245,431003,苏仙区,郴州市
2246,431021,桂阳县,郴州市
2247,431022,宜章县,郴州市
2248,431023,永兴县,郴州市
2249,431024,嘉禾县,郴州市
2250,431025,临武县,郴州市
2251,431026,汝城县,郴州市
2252,431027,桂东县,郴州市
2253,431028,安仁县,郴州市
2254,431081,资兴市,郴州市
2255,431100,永州市,永州市
2256,431101,市辖区,市辖区
2257,431102,零陵区,永州市
2258,431103,冷水滩区,永州市
2259,431121,祁阳县,永州市
2260,431122,东安县,永州市
2261,431123,双牌县,永州市
2262,431124,道县,永州市
2263,431125,江永县,永州市
2264,431126,宁远县,永州市
2265,431127,蓝山县,永州市
2266,431128,新田县,永州市
2267,431129,江华瑶族自治县,永州市
2268,431200,怀化市,怀化市
2269,431201,市辖区,市辖区
2270,431202,鹤城区,怀化市
2271,431221,中方县,怀化市
2272,431222,沅陵县,怀化市
2273,431223,辰溪县,怀化市
2274,431224,溆浦县,怀化市
2275,431225,会同县,怀化市
2276,431226,麻阳苗族自治县,怀化市
2277,431227,新晃侗族自治县,怀化市
2278,431228,芷江侗族自治县,怀化市
2279,431229,靖州苗族侗族自治县,怀化市
2280,431230,通道侗族自治县,怀化市
2281,431281,洪江市,怀化市
2282,431300,娄底市,娄底市
2283,431301,市辖区,市辖区
2284,431302,娄星区,娄底市
2285,431321,双峰县,娄底市
2286,431322,新化县,娄底市
2287,431381,冷水江市,娄底市
2288,431382,涟源市,娄底市
2289,433100,湘西土家族苗族自治州,湘西土家族苗族自治州
2290,433101,吉首市,湘西土家族苗族自治州
2291,433122,泸溪县,湘西土家族苗族自治州
2292,433123,凤凰县,湘西土家族苗族自治州
2293,433124,花垣县,湘西土家族苗族自治州
2294,433125,保靖县,湘西土家族苗族自治州
2295,433126,古丈县,湘西土家族苗族自治州
2296,433127,永顺县,湘西土家族苗族自治州
2297,433130,龙山县,湘西土家族苗族自治州
2298,440000,广东省,广东省
2299,440100,广州市,广州市
2300,440101,市辖区,市辖区
2301,440102,东山区,东山区
2302,440103,荔湾区,广州市
2303,440104,越秀区,广州市
2304,440105,海珠区,广州市
2305,440106,天河区,广州市
2306,440107,芳村区,芳村区
2307,440111,白云区,广州市
2308,440112,黄埔区,广州市
2309,440113,番禺区,广州市
2310,440114,花都区,广州市
2311,440115,南沙区,广州市
2312,440116,萝岗区,萝岗区
2313,440117,从化区,广州市
2314,440118,增城区,广州市
2315,440183,增城市,增城市
2316,440184,从化市,从化市
2317,440200,韶关市,韶关市
2318,440201,市辖区,市辖区
2319,440203,武江区,韶关市
2320,440204,浈江区,韶关市
2321,440205,曲江区,韶关市
2322,440222,始兴县,韶关市
2323,440224,仁化县,韶关市
2324,440229,翁源县,韶关市
2325,440232,乳源瑶族自治县,韶关市
2326,440233,新丰县,韶关市
2327,440281,乐昌市,韶关市
2328,440282,南雄市,韶关市
2329,440300,深圳市,深圳市
2330,440301,市辖区,市辖区
2331,440303,罗湖区,深圳市
2332,440304,福田区,深圳市
2333,440305,南山区,深圳市
2334,440306,宝安区,深圳市
2335,440307,龙岗区,深圳市
2336,440308,盐田区,深圳市
2337,440309,龙华区,深圳市
2338,440310,坪山区,深圳市
2339,440311,光明区,深圳市
2340,440400,珠海市,珠海市
2341,440401,市辖区,市辖区
2342,440402,香洲区,珠海市
2343,440403,斗门区,珠海市
2344,440404,金湾区,珠海市
2345,440500,汕头市,汕头市
2346,440501,市辖区,市辖区
2347,440507,龙湖区,汕头市
2348,440511,金平区,汕头市
2349,440512,濠江区,汕头市
2350,440513,潮阳区,汕头市
2351,440514,潮南区,汕头市
2352,440515,澄海区,汕头市
2353,440523,南澳县,汕头市
2354,440600,佛山市,佛山市
2355,440601,市辖区,市辖区
2356,440604,禅城区,佛山市
2357,440605,南海区,佛山市
2358,440606,顺德区,佛山市
2359,440607,三水区,佛山市
2360,440608,高明区,佛山市
2361,440700,江门市,江门市
2362,440701,市辖区,市辖区
2363,440703,蓬江区,江门市
2364,440704,江海区,江门市
2365,440705,新会区,江门市
2366,440781,台山市,江门市
2367,440783,开平市,江门市
2368,440784,鹤山市,江门市
2369,440785,恩平市,江门市
2370,440800,湛江市,湛江市
2371,440801,市辖区,市辖区
2372,440802,赤坎区,湛江市
2373,440803,霞山区,湛江市
2374,440804,坡头区,湛江市
2375,440811,麻章区,湛江市
2376,440823,遂溪县,湛江市
2377,440825,徐闻县,湛江市
2378,440881,廉江市,湛江市
2379,440882,雷州市,湛江市
2380,440883,吴川市,湛江市
2381,440900,茂名市,茂名市
2382,440901,市辖区,市辖区
2383,440902,茂南区,茂名市
2384,440903,茂港区,茂港区
2385,440904,电白区,茂名市
2386,440923,电白县,电白县
2387,440981,高州市,茂名市
2388,440982,化州市,茂名市
2389,440983,信宜市,茂名市
2390,441200,肇庆市,肇庆市
2391,441201,市辖区,市辖区
2392,441202,端州区,肇庆市
2393,441203,鼎湖区,肇庆市
2394,441204,高要区,肇庆市
2395,441223,广宁县,肇庆市
2396,441224,怀集县,肇庆市
2397,441225,封开县,肇庆市
2398,441226,德庆县,肇庆市
2399,441283,高要市,高要市
2400,441284,四会市,肇庆市
2401,441300,惠州市,惠州市
2402,441301,市辖区,市辖区
2403,441302,惠城区,惠州市
2404,441303,惠阳区,惠州市
2405,441322,博罗县,惠州市
2406,441323,惠东县,惠州市
2407,441324,龙门县,惠州市
2408,441400,梅州市,梅州市
2409,441401,市辖区,市辖区
2410,441402,梅江区,梅州市
2411,441403,梅县区,梅州市
2412,441421,梅县,梅县
2413,441422,大埔县,梅州市
2414,441423,丰顺县,梅州市
2415,441424,五华县,梅州市
2416,441426,平远县,梅州市
2417,441427,蕉岭县,梅州市
2418,441481,兴宁市,梅州市
2419,441500,汕尾市,汕尾市
2420,441501,市辖区,市辖区
2421,441502,城区,汕尾市
2422,441521,海丰县,汕尾市
2423,441523,陆河县,汕尾市
2424,441581,陆丰市,汕尾市
2425,441600,河源市,河源市
2426,441601,市辖区,市辖区
2427,441602,源城区,河源市
2428,441621,紫金县,河源市
2429,441622,龙川县,河源市
2430,441623,连平县,河源市
2431,441624,和平县,河源市
2432,441625,东源县,河源市
2433,441700,阳江市,阳江市
2434,441701,市辖区,市辖区
2435,441702,江城区,阳江市
2436,441704,阳东区,阳江市
2437,441721,阳西县,阳江市
2438,441723,阳东县,阳东县
2439,441781,阳春市,阳江市
2440,441800,清远市,清远市
2441,441801,市辖区,市辖区
2442,441802,清城区,清远市
2443,441803,清新区,清远市
2444,441821,佛冈县,清远市
2445,441823,阳山县,清远市
2446,441825,连山壮族瑶族自治县,清远市
2447,441826,连南瑶族自治县,清远市
2448,441827,清新县,清新县
2449,441881,英德市,清远市
2450,441882,连州市,清远市
2451,441900,东莞市,东莞市
2452,442000,中山市,中山市
2453,445100,潮州市,潮州市
2454,445101,市辖区,市辖区
2455,445102,湘桥区,潮州市
2456,445103,潮安区,潮州市
2457,445121,潮安县,潮安县
2458,445122,饶平县,潮州市
2459,445200,揭阳市,揭阳市
2460,445201,市辖区,市辖区
2461,445202,榕城区,揭阳市
2462,445203,揭东区,揭阳市
2463,445221,揭东县,揭东县
2464,445222,揭西县,揭阳市
2465,445224,惠来县,揭阳市
2466,445281,普宁市,揭阳市
2467,445300,云浮市,云浮市
2468,445301,市辖区,市辖区
2469,445302,云城区,云浮市
2470,445303,云安区,云浮市
2471,445321,新兴县,云浮市
2472,445322,郁南县,云浮市
2473,445323,云安县,云安县
2474,445381,罗定市,云浮市
2475,450000,广西壮族自治区,广西壮族自治区
2476,450100,南宁市,南宁市
2477,450101,市辖区,市辖区
2478,450102,兴宁区,南宁市
2479,450103,青秀区,南宁市
2480,450105,江南区,南宁市
2481,450107,西乡塘区,南宁市
2482,450108,良庆区,南宁市
2483,450109,邕宁区,南宁市
2484,450110,武鸣区,南宁市
2485,450122,武鸣县,武鸣县
2486,450123,隆安县,南宁市
2487,450124,马山县,南宁市
2488,450125,上林县,南宁市
2489,450126,宾阳县,南宁市
2490,450127,横县,南宁市
2491,450200,柳州市,柳州市
2492,450201,市辖区,市辖区
2493,450202,城中区,柳州市
2494,450203,鱼峰区,柳州市
2495,450204,柳南区,柳州市
2496,450205,柳北区,柳州市
2497,450206,柳江区,柳州市
2498,450221,柳江县,柳江县
2499,450222,柳城县,柳州市
2500,450223,鹿寨县,柳州市
2501,450224,融安县,柳州市
2502,450225,融水苗族自治县,柳州市
2503,450226,三江侗族自治县,柳州市
2504,450300,桂林市,桂林市
2505,450301,市辖区,市辖区
2506,450302,秀峰区,桂林市
2507,450303,叠彩区,桂林市
2508,450304,象山区,桂林市
2509,450305,七星区,桂林市
2510,450311,雁山区,桂林市
2511,450312,临桂区,桂林市
2512,450321,阳朔县,桂林市
2513,450322,临桂县,临桂县
2514,450323,灵川县,桂林市
2515,450324,全州县,桂林市
2516,450325,兴安县,桂林市
2517,450326,永福县,桂林市
2518,450327,灌阳县,桂林市
2519,450328,龙胜各族自治县,桂林市
2520,450329,资源县,桂林市
2521,450330,平乐县,桂林市
2522,450331,荔浦县,桂林市
2523,450332,恭城瑶族自治县,桂林市
2524,450381,荔浦市,桂林市
2525,450400,梧州市,梧州市
2526,450401,市辖区,市辖区
2527,450403,万秀区,梧州市
2528,450404,蝶山区,蝶山区
2529,450405,长洲区,梧州市
2530,450406,龙圩区,梧州市
2531,450421,苍梧县,梧州市
2532,450422,藤县,梧州市
2533,450423,蒙山县,梧州市
2534,450481,岑溪市,梧州市
2535,450500,北海市,北海市
2536,450501,市辖区,市辖区
2537,450502,海城区,北海市
2538,450503,银海区,北海市
2539,450512,铁山港区,北海市
2540,450521,合浦县,北海市
2541,450600,防城港市,防城港市
2542,450601,市辖区,市辖区
2543,450602,港口区,防城港市
2544,450603,防城区,防城港市
2545,450621,上思县,防城港市
2546,450681,东兴市,防城港市
2547,450700,钦州市,钦州市
2548,450701,市辖区,市辖区
2549,450702,钦南区,钦州市
2550,450703,钦北区,钦州市
2551,450721,灵山县,钦州市
2552,450722,浦北县,钦州市
2553,450800,贵港市,贵港市
2554,450801,市辖区,市辖区
2555,450802,港北区,贵港市
2556,450803,港南区,贵港市
2557,450804,覃塘区,贵港市
2558,450821,平南县,贵港市
2559,450881,桂平市,贵港市
2560,450900,玉林市,玉林市
2561,450901,市辖区,市辖区
2562,450902,玉州区,玉林市
2563,450903,福绵区,玉林市
2564,450921,容县,玉林市
2565,450922,陆川县,玉林市
2566,450923,博白县,玉林市
2567,450924,兴业县,玉林市
2568,450981,北流市,玉林市
2569,451000,百色市,百色市
2570,451001,市辖区,市辖区
2571,451002,右江区,百色市
2572,451003,田阳区,百色市
2573,451021,田阳县,百色市
2574,451022,田东县,百色市
2575,451023,平果县,百色市
2576,451024,德保县,百色市
2577,451025,靖西县,靖西县
2578,451026,那坡县,百色市
2579,451027,凌云县,百色市
2580,451028,乐业县,百色市
2581,451029,田林县,百色市
2582,451030,西林县,百色市
2583,451031,隆林各族自治县,百色市
2584,451081,靖西市,百色市
2585,451082,平果市,百色市
2586,451100,贺州市,贺州市
2587,451101,市辖区,市辖区
2588,451102,八步区,贺州市
2589,451103,平桂区,贺州市
2590,451121,昭平县,贺州市
2591,451122,钟山县,贺州市
2592,451123,富川瑶族自治县,贺州市
2593,451200,河池市,河池市
2594,451201,市辖区,市辖区
2595,451202,金城江区,河池市
2596,451203,宜州区,河池市
2597,451221,南丹县,河池市
2598,451222,天峨县,河池市
2599,451223,凤山县,河池市
2600,451224,东兰县,河池市
2601,451225,罗城仫佬族自治县,河池市
2602,451226,环江毛南族自治县,河池市
2603,451227,巴马瑶族自治县,河池市
2604,451228,都安瑶族自治县,河池市
2605,451229,大化瑶族自治县,河池市
2606,451281,宜州市,宜州市
2607,451300,来宾市,来宾市
2608,451301,市辖区,市辖区
2609,451302,兴宾区,来宾市
2610,451321,忻城县,来宾市
2611,451322,象州县,来宾市
2612,451323,武宣县,来宾市
2613,451324,金秀瑶族自治县,来宾市
2614,451381,合山市,来宾市
2615,451400,崇左市,崇左市
2616,451401,市辖区,市辖区
2617,451402,江州区,崇左市
2618,451421,扶绥县,崇左市
2619,451422,宁明县,崇左市
2620,451423,龙州县,崇左市
2621,451424,大新县,崇左市
2622,451425,天等县,崇左市
2623,451481,凭祥市,崇左市
2624,460000,海南省,海南省
2625,460100,海口市,海口市
2626,460101,市辖区,市辖区
2627,460105,秀英区,海口市
2628,460106,龙华区,海口市
2629,460107,琼山区,海口市
2630,460108,美兰区,海口市
2631,460200,三亚市,三亚市
2632,460201,市辖区,市辖区
2633,460202,海棠区,三亚市
2634,460203,吉阳区,三亚市
2635,460204,天涯区,三亚市
2636,460205,崖州区,三亚市
2637,460300,三沙市,三沙市
2638,460400,儋州市,儋州市
2639,469000,省直辖县级行政区划,省直辖县级行政区划
2640,469001,五指山市,儋州市
2641,469002,琼海市,儋州市
2642,469003,儋州市,儋州市
2643,469005,文昌市,儋州市
2644,469006,万宁市,儋州市
2645,469007,东方市,儋州市
2646,469021,定安县,儋州市
2647,469022,屯昌县,儋州市
2648,469023,澄迈县,儋州市
2649,469024,临高县,儋州市
2650,469025,白沙黎族自治县,儋州市
2651,469026,昌江黎族自治县,儋州市
2652,469027,乐东黎族自治县,儋州市
2653,469028,陵水黎族自治县,儋州市
2654,469029,保亭黎族苗族自治县,儋州市
2655,469030,琼中黎族苗族自治县,儋州市
2656,469031,昌江黎族自治县,昌江黎族自治县
2657,469033,乐东黎族自治县,乐东黎族自治县
2658,469034,陵水黎族自治县,陵水黎族自治县
2659,469035,保亭黎族苗族自治县,保亭黎族苗族自治县
2660,469036,琼中黎族苗族自治县,琼中黎族苗族自治县
2661,469037,西沙群岛,西沙群岛
2662,469038,南沙群岛,南沙群岛
2663,469039,中沙群岛的岛礁及其海域,中沙群岛的岛礁及其海域
2664,500000,重庆市,重庆市
2665,500100,市辖区,市辖区
2666,500101,万州区,重庆市
2667,500102,涪陵区,重庆市
2668,500103,渝中区,重庆市
2669,500104,大渡口区,重庆市
2670,500105,江北区,重庆市
2671,500106,沙坪坝区,重庆市
2672,500107,九龙坡区,重庆市
2673,500108,南岸区,重庆市
2674,500109,北碚区,重庆市
2675,500110,綦江区,重庆市
2676,500111,大足区,重庆市
2677,500112,渝北区,重庆市
2678,500113,巴南区,重庆市
2679,500114,黔江区,重庆市
2680,500115,长寿区,重庆市
2681,500116,江津区,重庆市
2682,500117,合川区,重庆市
2683,500118,永川区,重庆市
2684,500119,南川区,重庆市
2685,500120,璧山区,重庆市
2686,500151,铜梁区,重庆市
2687,500152,潼南区,重庆市
2688,500153,荣昌区,重庆市
2689,500154,开州区,重庆市
2690,500155,梁平区,重庆市
2691,500156,武隆区,重庆市
2692,500200,县,县
2693,500222,綦江县,綦江县
2694,500223,潼南县,潼南县
2695,500224,铜梁县,铜梁县
2696,500225,大足县,大足县
2697,500226,荣昌县,荣昌县
2698,500227,璧山县,璧山县
2699,500228,梁平县,梁平县
2700,500229,城口县,重庆市
2701,500230,丰都县,重庆市
2702,500231,垫江县,重庆市
2703,500232,武隆县,武隆县
2704,500233,忠县,重庆市
2705,500234,开县,开县
2706,500235,云阳县,重庆市
2707,500236,奉节县,重庆市
2708,500237,巫山县,重庆市
2709,500238,巫溪县,重庆市
2710,500240,石柱土家族自治县,重庆市
2711,500241,秀山土家族苗族自治县,重庆市
2712,500242,酉阳土家族苗族自治县,重庆市
2713,500243,彭水苗族土家族自治县,重庆市
2714,510000,四川省,四川省
2715,510100,成都市,成都市
2716,510101,市辖区,市辖区
2717,510104,锦江区,成都市
2718,510105,青羊区,成都市
2719,510106,金牛区,成都市
2720,510107,武侯区,成都市
2721,510108,成华区,成都市
2722,510112,龙泉驿区,成都市
2723,510113,青白江区,成都市
2724,510114,新都区,成都市
2725,510115,温江区,成都市
2726,510116,双流区,成都市
2727,510117,郫都区,成都市
2728,510118,新津区,成都市
2729,510121,金堂县,成都市
2730,510122,双流县,双流县
2731,510124,郫县,郫县
2732,510129,大邑县,成都市
2733,510131,蒲江县,成都市
2734,510132,新津县,成都市
2735,510181,都江堰市,成都市
2736,510182,彭州市,成都市
2737,510183,邛崃市,成都市
2738,510184,崇州市,成都市
2739,510185,简阳市,成都市
2740,510300,自贡市,自贡市
2741,510301,市辖区,市辖区
2742,510302,自流井区,自贡市
2743,510303,贡井区,自贡市
2744,510304,大安区,自贡市
2745,510311,沿滩区,自贡市
2746,510321,荣县,自贡市
2747,510322,富顺县,自贡市
2748,510400,攀枝花市,攀枝花市
2749,510401,市辖区,市辖区
2750,510402,东区,攀枝花市
2751,510403,西区,攀枝花市
2752,510411,仁和区,攀枝花市
2753,510421,米易县,攀枝花市
2754,510422,盐边县,攀枝花市
2755,510500,泸州市,泸州市
2756,510501,市辖区,市辖区
2757,510502,江阳区,泸州市
2758,510503,纳溪区,泸州市
2759,510504,龙马潭区,泸州市
2760,510521,泸县,泸州市
2761,510522,合江县,泸州市
2762,510524,叙永县,泸州市
2763,510525,古蔺县,泸州市
2764,510600,德阳市,德阳市
2765,510601,市辖区,市辖区
2766,510603,旌阳区,德阳市
2767,510604,罗江区,德阳市
2768,510623,中江县,德阳市
2769,510626,罗江县,罗江县
2770,510681,广汉市,德阳市
2771,510682,什邡市,德阳市
2772,510683,绵竹市,德阳市
2773,510700,绵阳市,绵阳市
2774,510701,市辖区,市辖区
2775,510703,涪城区,绵阳市
2776,510704,游仙区,绵阳市
2777,510705,安州区,绵阳市
2778,510722,三台县,绵阳市
2779,510723,盐亭县,绵阳市
2780,510724,安县,安县
2781,510725,梓潼县,绵阳市
2782,510726,北川羌族自治县,绵阳市
2783,510727,平武县,绵阳市
2784,510781,江油市,绵阳市
2785,510800,广元市,广元市
2786,510801,市辖区,市辖区
2787,510802,利州区,广元市
2788,510811,昭化区,广元市
2789,510812,朝天区,广元市
2790,510821,旺苍县,广元市
2791,510822,青川县,广元市
2792,510823,剑阁县,广元市
2793,510824,苍溪县,广元市
2794,510900,遂宁市,遂宁市
2795,510901,市辖区,市辖区
2796,510903,船山区,遂宁市
2797,510904,安居区,遂宁市
2798,510921,蓬溪县,遂宁市
2799,510922,射洪县,遂宁市
2800,510923,大英县,遂宁市
2801,510981,射洪市,遂宁市
2802,511000,内江市,内江市
2803,511001,市辖区,市辖区
2804,511002,市中区,内江市
2805,511011,东兴区,内江市
2806,511024,威远县,内江市
2807,511025,资中县,内江市
2808,511028,隆昌县,隆昌县
2809,511083,隆昌市,内江市
2810,511100,乐山市,乐山市
2811,511101,市辖区,市辖区
2812,511102,市中区,乐山市
2813,511111,沙湾区,乐山市
2814,511112,五通桥区,乐山市
2815,511113,金口河区,乐山市
2816,511123,犍为县,乐山市
2817,511124,井研县,乐山市
2818,511126,夹江县,乐山市
2819,511129,沐川县,乐山市
2820,511132,峨边彝族自治县,乐山市
2821,511133,马边彝族自治县,乐山市
2822,511181,峨眉山市,乐山市
2823,511300,南充市,南充市
2824,511301,市辖区,市辖区
2825,511302,顺庆区,南充市
2826,511303,高坪区,南充市
2827,511304,嘉陵区,南充市
2828,511321,南部县,南充市
2829,511322,营山县,南充市
2830,511323,蓬安县,南充市
2831,511324,仪陇县,南充市
2832,511325,西充县,南充市
2833,511381,阆中市,南充市
2834,511400,眉山市,眉山市
2835,511401,市辖区,市辖区
2836,511402,东坡区,眉山市
2837,511403,彭山区,眉山市
2838,511421,仁寿县,眉山市
2839,511422,彭山县,彭山县
2840,511423,洪雅县,眉山市
2841,511424,丹棱县,眉山市
2842,511425,青神县,眉山市
2843,511500,宜宾市,宜宾市
2844,511501,市辖区,市辖区
2845,511502,翠屏区,宜宾市
2846,511503,南溪区,宜宾市
2847,511504,叙州区,宜宾市
2848,511521,宜宾县,宜宾市
2849,511522,南溪县,南溪县
2850,511523,江安县,宜宾市
2851,511524,长宁县,宜宾市
2852,511525,高县,宜宾市
2853,511526,珙县,宜宾市
2854,511527,筠连县,宜宾市
2855,511528,兴文县,宜宾市
2856,511529,屏山县,宜宾市
2857,511600,广安市,广安市
2858,511601,市辖区,市辖区
2859,511602,广安区,广安市
2860,511603,前锋区,广安市
2861,511621,岳池县,广安市
2862,511622,武胜县,广安市
2863,511623,邻水县,广安市
2864,511681,华蓥市,广安市
2865,511700,达州市,达州市
2866,511701,市辖区,市辖区
2867,511702,通川区,达州市
2868,511703,达川区,达州市
2869,511722,宣汉县,达州市
2870,511723,开江县,达州市
2871,511724,大竹县,达州市
2872,511725,渠县,达州市
2873,511781,万源市,达州市
2874,511800,雅安市,雅安市
2875,511801,市辖区,市辖区
2876,511802,雨城区,雅安市
2877,511803,名山区,雅安市
2878,511821,名山县,名山县
2879,511822,荥经县,雅安市
2880,511823,汉源县,雅安市
2881,511824,石棉县,雅安市
2882,511825,天全县,雅安市
2883,511826,芦山县,雅安市
2884,511827,宝兴县,雅安市
2885,511900,巴中市,巴中市
2886,511901,市辖区,市辖区
2887,511902,巴州区,巴中市
2888,511903,恩阳区,巴中市
2889,511921,通江县,巴中市
2890,511922,南江县,巴中市
2891,511923,平昌县,巴中市
2892,512000,资阳市,资阳市
2893,512001,市辖区,市辖区
2894,512002,雁江区,资阳市
2895,512021,安岳县,资阳市
2896,512022,乐至县,资阳市
2897,512081,简阳市,简阳市
2898,513200,阿坝藏族羌族自治州,阿坝藏族羌族自治州
2899,513201,马尔康市,阿坝藏族羌族自治州
2900,513221,汶川县,阿坝藏族羌族自治州
2901,513222,理县,阿坝藏族羌族自治州
2902,513223,茂县,阿坝藏族羌族自治州
2903,513224,松潘县,阿坝藏族羌族自治州
2904,513225,九寨沟县,阿坝藏族羌族自治州
2905,513226,金川县,阿坝藏族羌族自治州
2906,513227,小金县,阿坝藏族羌族自治州
2907,513228,黑水县,阿坝藏族羌族自治州
2908,513229,马尔康县,马尔康县
2909,513230,壤塘县,阿坝藏族羌族自治州
2910,513231,阿坝县,阿坝藏族羌族自治州
2911,513232,若尔盖县,阿坝藏族羌族自治州
2912,513233,红原县,阿坝藏族羌族自治州
2913,513300,甘孜藏族自治州,甘孜藏族自治州
2914,513301,康定市,甘孜藏族自治州
2915,513321,康定县,康定县
2916,513322,泸定县,甘孜藏族自治州
2917,513323,丹巴县,甘孜藏族自治州
2918,513324,九龙县,甘孜藏族自治州
2919,513325,雅江县,甘孜藏族自治州
2920,513326,道孚县,甘孜藏族自治州
2921,513327,炉霍县,甘孜藏族自治州
2922,513328,甘孜县,甘孜藏族自治州
2923,513329,新龙县,甘孜藏族自治州
2924,513330,德格县,甘孜藏族自治州
2925,513331,白玉县,甘孜藏族自治州
2926,513332,石渠县,甘孜藏族自治州
2927,513333,色达县,甘孜藏族自治州
2928,513334,理塘县,甘孜藏族自治州
2929,513335,巴塘县,甘孜藏族自治州
2930,513336,乡城县,甘孜藏族自治州
2931,513337,稻城县,甘孜藏族自治州
2932,513338,得荣县,甘孜藏族自治州
2933,513400,凉山彝族自治州,凉山彝族自治州
2934,513401,西昌市,凉山彝族自治州
2935,513422,木里藏族自治县,凉山彝族自治州
2936,513423,盐源县,凉山彝族自治州
2937,513424,德昌县,凉山彝族自治州
2938,513425,会理县,凉山彝族自治州
2939,513426,会东县,凉山彝族自治州
2940,513427,宁南县,凉山彝族自治州
2941,513428,普格县,凉山彝族自治州
2942,513429,布拖县,凉山彝族自治州
2943,513430,金阳县,凉山彝族自治州
2944,513431,昭觉县,凉山彝族自治州
2945,513432,喜德县,凉山彝族自治州
2946,513433,冕宁县,凉山彝族自治州
2947,513434,越西县,凉山彝族自治州
2948,513435,甘洛县,凉山彝族自治州
2949,513436,美姑县,凉山彝族自治州
2950,513437,雷波县,凉山彝族自治州
2951,520000,贵州省,贵州省
2952,520100,贵阳市,贵阳市
2953,520101,市辖区,市辖区
2954,520102,南明区,贵阳市
2955,520103,云岩区,贵阳市
2956,520111,花溪区,贵阳市
2957,520112,乌当区,贵阳市
2958,520113,白云区,贵阳市
2959,520114,小河区,小河区
2960,520115,观山湖区,贵阳市
2961,520121,开阳县,贵阳市
2962,520122,息烽县,贵阳市
2963,520123,修文县,贵阳市
2964,520181,清镇市,贵阳市
2965,520200,六盘水市,六盘水市
2966,520201,钟山区,六盘水市
2967,520203,六枝特区,六盘水市
2968,520204,水城区,六盘水市
2969,520221,水城县,六盘水市
2970,520222,盘县,盘县
2971,520281,盘州市,六盘水市
2972,520300,遵义市,遵义市
2973,520301,市辖区,市辖区
2974,520302,红花岗区,遵义市
2975,520303,汇川区,遵义市
2976,520304,播州区,遵义市
2977,520321,遵义县,遵义县
2978,520322,桐梓县,遵义市
2979,520323,绥阳县,遵义市
2980,520324,正安县,遵义市
2981,520325,道真仡佬族苗族自治县,遵义市
2982,520326,务川仡佬族苗族自治县,遵义市
2983,520327,凤冈县,遵义市
2984,520328,湄潭县,遵义市
2985,520329,余庆县,遵义市
2986,520330,习水县,遵义市
2987,520381,赤水市,遵义市
2988,520382,仁怀市,遵义市
2989,520400,安顺市,安顺市
2990,520401,市辖区,市辖区
2991,520402,西秀区,安顺市
2992,520403,平坝区,安顺市
2993,520421,平坝县,平坝县
2994,520422,普定县,安顺市
2995,520423,镇宁布依族苗族自治县,安顺市
2996,520424,关岭布依族苗族自治县,安顺市
2997,520425,紫云苗族布依族自治县,安顺市
2998,520500,毕节市,毕节市
2999,520501,市辖区,市辖区
3000,520502,七星关区,毕节市
3001,520521,大方县,毕节市
3002,520522,黔西县,毕节市
3003,520523,金沙县,毕节市
3004,520524,织金县,毕节市
3005,520525,纳雍县,毕节市
3006,520526,威宁彝族回族苗族自治县,毕节市
3007,520527,赫章县,毕节市
3008,520600,铜仁市,铜仁市
3009,520601,市辖区,市辖区
3010,520602,碧江区,铜仁市
3011,520603,万山区,铜仁市
3012,520621,江口县,铜仁市
3013,520622,玉屏侗族自治县,铜仁市
3014,520623,石阡县,铜仁市
3015,520624,思南县,铜仁市
3016,520625,印江土家族苗族自治县,铜仁市
3017,520626,德江县,铜仁市
3018,520627,沿河土家族自治县,铜仁市
3019,520628,松桃苗族自治县,铜仁市
3020,522200,铜仁地区,铜仁地区
3021,522201,铜仁市,铜仁市
3022,522222,江口县,江口县
3023,522223,玉屏侗族自治县,玉屏侗族自治县
3024,522224,石阡县,石阡县
3025,522225,恩南县,恩南县
3026,522226,印江土家族苗族自治县,印江土家族苗族自治县
3027,522227,德江县,德江县
3028,522228,沿河土家族自治县,沿河土家族自治县
3029,522229,松桃苗族自治县,松桃苗族自治县
3030,522230,万山特区,万山特区
3031,522300,黔西南布依族苗族自治州,黔西南布依族苗族自治州
3032,522301,兴义市,黔西南布依族苗族自治州
3033,522302,兴仁市,黔西南布依族苗族自治州
3034,522322,兴仁县,黔西南布依族苗族自治州
3035,522323,普安县,黔西南布依族苗族自治州
3036,522324,晴隆县,黔西南布依族苗族自治州
3037,522325,贞丰县,黔西南布依族苗族自治州
3038,522326,望谟县,黔西南布依族苗族自治州
3039,522327,册亨县,黔西南布依族苗族自治州
3040,522328,安龙县,黔西南布依族苗族自治州
3041,522400,毕节地区,毕节地区
3042,522401,毕节市,毕节市
3043,522422,大方县,大方县
3044,522423,黔西县,黔西县
3045,522424,金沙县,金沙县
3046,522425,织金县,织金县
3047,522426,纳雍县,纳雍县
3048,522427,威宁彝族回族苗族自治县,威宁彝族回族苗族自治县
3049,522428,赫章县,赫章县
3050,522600,黔东南苗族侗族自治州,黔东南苗族侗族自治州
3051,522601,凯里市,黔东南苗族侗族自治州
3052,522622,黄平县,黔东南苗族侗族自治州
3053,522623,施秉县,黔东南苗族侗族自治州
3054,522624,三穗县,黔东南苗族侗族自治州
3055,522625,镇远县,黔东南苗族侗族自治州
3056,522626,岑巩县,黔东南苗族侗族自治州
3057,522627,天柱县,黔东南苗族侗族自治州
3058,522628,锦屏县,黔东南苗族侗族自治州
3059,522629,剑河县,黔东南苗族侗族自治州
3060,522630,台江县,黔东南苗族侗族自治州
3061,522631,黎平县,黔东南苗族侗族自治州
3062,522632,榕江县,黔东南苗族侗族自治州
3063,522633,从江县,黔东南苗族侗族自治州
3064,522634,雷山县,黔东南苗族侗族自治州
3065,522635,麻江县,黔东南苗族侗族自治州
3066,522636,丹寨县,黔东南苗族侗族自治州
3067,522700,黔南布依族苗族自治州,黔南布依族苗族自治州
3068,522701,都匀市,黔南布依族苗族自治州
3069,522702,福泉市,黔南布依族苗族自治州
3070,522722,荔波县,黔南布依族苗族自治州
3071,522723,贵定县,黔南布依族苗族自治州
3072,522725,瓮安县,黔南布依族苗族自治州
3073,522726,独山县,黔南布依族苗族自治州
3074,522727,平塘县,黔南布依族苗族自治州
3075,522728,罗甸县,黔南布依族苗族自治州
3076,522729,长顺县,黔南布依族苗族自治州
3077,522730,龙里县,黔南布依族苗族自治州
3078,522731,惠水县,黔南布依族苗族自治州
3079,522732,三都水族自治县,黔南布依族苗族自治州
3080,530000,云南省,云南省
3081,530100,昆明市,昆明市
3082,530101,市辖区,市辖区
3083,530102,五华区,昆明市
3084,530103,盘龙区,昆明市
3085,530111,官渡区,昆明市
3086,530112,西山区,昆明市
3087,530113,东川区,昆明市
3088,530114,呈贡区,昆明市
3089,530115,晋宁区,昆明市
3090,530121,呈贡县,呈贡县
3091,530122,晋宁县,晋宁县
3092,530124,富民县,昆明市
3093,530125,宜良县,昆明市
3094,530126,石林彝族自治县,昆明市
3095,530127,嵩明县,昆明市
3096,530128,禄劝彝族苗族自治县,昆明市
3097,530129,寻甸回族彝族自治县,昆明市
3098,530181,安宁市,昆明市
3099,530300,曲靖市,曲靖市
3100,530301,市辖区,市辖区
3101,530302,麒麟区,曲靖市
3102,530303,沾益区,曲靖市
3103,530304,马龙区,曲靖市
3104,530321,马龙县,曲靖市
3105,530322,陆良县,曲靖市
3106,530323,师宗县,曲靖市
3107,530324,罗平县,曲靖市
3108,530325,富源县,曲靖市
3109,530326,会泽县,曲靖市
3110,530328,沾益县,沾益县
3111,530381,宣威市,曲靖市
3112,530400,玉溪市,玉溪市
3113,530401,市辖区,市辖区
3114,530402,红塔区,玉溪市
3115,530403,江川区,玉溪市
3116,530421,江川县,江川县
3117,530422,澄江县,玉溪市
3118,530423,通海县,玉溪市
3119,530424,华宁县,玉溪市
3120,530425,易门县,玉溪市
3121,530426,峨山彝族自治县,玉溪市
3122,530427,新平彝族傣族自治县,玉溪市
3123,530428,元江哈尼族彝族傣族自治县,玉溪市
3124,530481,澄江市,玉溪市
3125,530500,保山市,保山市
3126,530501,市辖区,市辖区
3127,530502,隆阳区,保山市
3128,530521,施甸县,保山市
3129,530522,腾冲县,腾冲县
3130,530523,龙陵县,保山市
3131,530524,昌宁县,保山市
3132,530581,腾冲市,保山市
3133,530600,昭通市,昭通市
3134,530601,市辖区,市辖区
3135,530602,昭阳区,昭通市
3136,530621,鲁甸县,昭通市
3137,530622,巧家县,昭通市
3138,530623,盐津县,昭通市
3139,530624,大关县,昭通市
3140,530625,永善县,昭通市
3141,530626,绥江县,昭通市
3142,530627,镇雄县,昭通市
3143,530628,彝良县,昭通市
3144,530629,威信县,昭通市
3145,530630,水富县,昭通市
3146,530681,水富市,昭通市
3147,530700,丽江市,丽江市
3148,530701,市辖区,市辖区
3149,530702,古城区,丽江市
3150,530721,玉龙纳西族自治县,丽江市
3151,530722,永胜县,丽江市
3152,530723,华坪县,丽江市
3153,530724,宁蒗彝族自治县,丽江市
3154,530800,普洱市,普洱市
3155,530801,市辖区,市辖区
3156,530802,思茅区,普洱市
3157,530821,宁洱哈尼族彝族自治县,普洱市
3158,530822,墨江哈尼族自治县,普洱市
3159,530823,景东彝族自治县,普洱市
3160,530824,景谷傣族彝族自治县,普洱市
3161,530825,镇沅彝族哈尼族拉祜族自治县,普洱市
3162,530826,江城哈尼族彝族自治县,普洱市
3163,530827,孟连傣族拉祜族佤族自治县,普洱市
3164,530828,澜沧拉祜族自治县,普洱市
3165,530829,西盟佤族自治县,普洱市
3166,530900,临沧市,临沧市
3167,530901,市辖区,市辖区
3168,530902,临翔区,临沧市
3169,530921,凤庆县,临沧市
3170,530922,云县,临沧市
3171,530923,永德县,临沧市
3172,530924,镇康县,临沧市
3173,530925,双江拉祜族佤族布朗族傣族自治县,临沧市
3174,530926,耿马傣族佤族自治县,临沧市
3175,530927,沧源佤族自治县,临沧市
3176,532300,楚雄彝族自治州,楚雄彝族自治州
3177,532301,楚雄市,楚雄彝族自治州
3178,532322,双柏县,楚雄彝族自治州
3179,532323,牟定县,楚雄彝族自治州
3180,532324,南华县,楚雄彝族自治州
3181,532325,姚安县,楚雄彝族自治州
3182,532326,大姚县,楚雄彝族自治州
3183,532327,永仁县,楚雄彝族自治州
3184,532328,元谋县,楚雄彝族自治州
3185,532329,武定县,楚雄彝族自治州
3186,532331,禄丰县,楚雄彝族自治州
3187,532500,红河哈尼族彝族自治州,红河哈尼族彝族自治州
3188,532501,个旧市,红河哈尼族彝族自治州
3189,532502,开远市,红河哈尼族彝族自治州
3190,532503,蒙自市,红河哈尼族彝族自治州
3191,532504,弥勒市,红河哈尼族彝族自治州
3192,532522,红河州蒙自县,红河州蒙自县
3193,532523,屏边苗族自治县,红河哈尼族彝族自治州
3194,532524,建水县,红河哈尼族彝族自治州
3195,532525,石屏县,红河哈尼族彝族自治州
3196,532526,红河州弥勒县,红河州弥勒县
3197,532527,泸西县,红河哈尼族彝族自治州
3198,532528,元阳县,红河哈尼族彝族自治州
3199,532529,红河县,红河哈尼族彝族自治州
3200,532530,金平苗族瑶族傣族自治县,红河哈尼族彝族自治州
3201,532531,绿春县,红河哈尼族彝族自治州
3202,532532,河口瑶族自治县,红河哈尼族彝族自治州
3203,532600,文山壮族苗族自治州,文山壮族苗族自治州
3204,532601,文山市,文山壮族苗族自治州
3205,532621,文山县,文山县
3206,532622,砚山县,文山壮族苗族自治州
3207,532623,西畴县,文山壮族苗族自治州
3208,532624,麻栗坡县,文山壮族苗族自治州
3209,532625,马关县,文山壮族苗族自治州
3210,532626,丘北县,文山壮族苗族自治州
3211,532627,广南县,文山壮族苗族自治州
3212,532628,富宁县,文山壮族苗族自治州
3213,532800,西双版纳傣族自治州,西双版纳傣族自治州
3214,532801,景洪市,西双版纳傣族自治州
3215,532822,勐海县,西双版纳傣族自治州
3216,532823,勐腊县,西双版纳傣族自治州
3217,532900,大理白族自治州,大理白族自治州
3218,532901,大理市,大理白族自治州
3219,532922,漾濞彝族自治县,大理白族自治州
3220,532923,祥云县,大理白族自治州
3221,532924,宾川县,大理白族自治州
3222,532925,弥渡县,大理白族自治州
3223,532926,南涧彝族自治县,大理白族自治州
3224,532927,巍山彝族回族自治县,大理白族自治州
3225,532928,永平县,大理白族自治州
3226,532929,云龙县,大理白族自治州
3227,532930,洱源县,大理白族自治州
3228,532931,剑川县,大理白族自治州
3229,532932,鹤庆县,大理白族自治州
3230,533100,德宏傣族景颇族自治州,德宏傣族景颇族自治州
3231,533102,瑞丽市,德宏傣族景颇族自治州
3232,533103,芒市,德宏傣族景颇族自治州
3233,533122,梁河县,德宏傣族景颇族自治州
3234,533123,盈江县,德宏傣族景颇族自治州
3235,533124,陇川县,德宏傣族景颇族自治州
3236,533300,怒江傈僳族自治州,怒江傈僳族自治州
3237,533301,泸水市,怒江傈僳族自治州
3238,533321,泸水县,泸水县
3239,533323,福贡县,怒江傈僳族自治州
3240,533324,贡山独龙族怒族自治县,怒江傈僳族自治州
3241,533325,兰坪白族普米族自治县,怒江傈僳族自治州
3242,533400,迪庆藏族自治州,迪庆藏族自治州
3243,533401,香格里拉市,迪庆藏族自治州
3244,533421,香格里拉县,香格里拉县
3245,533422,德钦县,迪庆藏族自治州
3246,533423,维西傈僳族自治县,迪庆藏族自治州
3247,540000,西藏自治区,西藏自治区
3248,540100,拉萨市,拉萨市
3249,540101,市辖区,市辖区
3250,540102,城关区,拉萨市
3251,540103,堆龙德庆区,拉萨市
3252,540104,达孜区,拉萨市
3253,540121,林周县,拉萨市
3254,540122,当雄县,拉萨市
3255,540123,尼木县,拉萨市
3256,540124,曲水县,拉萨市
3257,540125,堆龙德庆县,堆龙德庆县
3258,540126,达孜县,达孜县
3259,540127,墨竹工卡县,拉萨市
3260,540200,日喀则市,日喀则市
3261,540202,桑珠孜区,日喀则市
3262,540221,南木林县,日喀则市
3263,540222,江孜县,日喀则市
3264,540223,定日县,日喀则市
3265,540224,萨迦县,日喀则市
3266,540225,拉孜县,日喀则市
3267,540226,昂仁县,日喀则市
3268,540227,谢通门县,日喀则市
3269,540228,白朗县,日喀则市
3270,540229,仁布县,日喀则市
3271,540230,康马县,日喀则市
3272,540231,定结县,日喀则市
3273,540232,仲巴县,日喀则市
3274,540233,亚东县,日喀则市
3275,540234,吉隆县,日喀则市
3276,540235,聂拉木县,日喀则市
3277,540236,萨嘎县,日喀则市
3278,540237,岗巴县,日喀则市
3279,540300,昌都市,昌都市
3280,540302,卡若区,昌都市
3281,540321,江达县,昌都市
3282,540322,贡觉县,昌都市
3283,540323,类乌齐县,昌都市
3284,540324,丁青县,昌都市
3285,540325,察雅县,昌都市
3286,540326,八宿县,昌都市
3287,540327,左贡县,昌都市
3288,540328,芒康县,昌都市
3289,540329,洛隆县,昌都市
3290,540330,边坝县,昌都市
3291,540400,林芝市,林芝市
3292,540402,巴宜区,林芝市
3293,540421,工布江达县,林芝市
3294,540422,米林县,林芝市
3295,540423,墨脱县,林芝市
3296,540424,波密县,林芝市
3297,540425,察隅县,林芝市
3298,540426,朗县,林芝市
3299,540500,山南市,山南市
3300,540501,市辖区,市辖区
3301,540502,乃东区,山南市
3302,540521,扎囊县,山南市
3303,540522,贡嘎县,山南市
3304,540523,桑日县,山南市
3305,540524,琼结县,山南市
3306,540525,曲松县,山南市
3307,540526,措美县,山南市
3308,540527,洛扎县,山南市
3309,540528,加查县,山南市
3310,540529,隆子县,山南市
3311,540530,错那县,山南市
3312,540531,浪卡子县,山南市
3313,540602,色尼区,那曲市
3314,540621,嘉黎县,那曲市
3315,540622,比如县,那曲市
3316,540623,聂荣县,那曲市
3317,540624,安多县,那曲市
3318,540625,申扎县,那曲市
3319,540626,索县,那曲市
3320,540627,班戈县,那曲市
3321,540628,巴青县,那曲市
3322,540629,尼玛县,那曲市
3323,540630,双湖县,那曲市
3324,542100,昌都地区,昌都地区
3325,542121,昌都县,昌都县
3326,542122,江达县,江达县
3327,542123,贡觉县,贡觉县
3328,542124,类乌齐县,类乌齐县
3329,542125,丁青县,丁青县
3330,542126,察雅县,察雅县
3331,542127,八宿县,八宿县
3332,542128,左贡县,左贡县
3333,542129,芒康县,芒康县
3334,542132,洛隆县,洛隆县
3335,542133,边坝县,边坝县
3336,542200,山南地区,山南地区
3337,542221,乃东县,乃东县
3338,542222,扎囊县,扎囊县
3339,542223,贡嘎县,贡嘎县
3340,542224,桑日县,桑日县
3341,542225,琼结县,琼结县
3342,542226,曲松县,曲松县
3343,542227,措美县,措美县
3344,542228,洛扎县,洛扎县
3345,542229,加查县,加查县
3346,542231,隆子县,隆子县
3347,542232,错那县,错那县
3348,542233,浪卡子县,浪卡子县
3349,542300,日喀则地区,日喀则地区
3350,542301,日喀则市,日喀则市
3351,542322,南木林县,南木林县
3352,542323,江孜县,江孜县
3353,542324,定日县,定日县
3354,542325,萨迦县,萨迦县
3355,542326,拉孜县,拉孜县
3356,542327,昂仁县,昂仁县
3357,542328,谢通门县,谢通门县
3358,542329,白朗县,白朗县
3359,542330,仁布县,仁布县
3360,542331,康马县,康马县
3361,542332,定结县,定结县
3362,542333,仲巴县,仲巴县
3363,542334,亚东县,亚东县
3364,542335,吉隆县,吉隆县
3365,542336,聂拉木县,聂拉木县
3366,542337,萨嘎县,萨嘎县
3367,542338,岗巴县,岗巴县
3368,542400,那曲地区,那曲地区
3369,542421,那曲县,那曲县
3370,542422,嘉黎县,嘉黎县
3371,542423,比如县,比如县
3372,542424,聂荣县,聂荣县
3373,542425,安多县,安多县
3374,542426,申扎县,申扎县
3375,542427,索县,索县
3376,542428,班戈县,班戈县
3377,542429,巴青县,巴青县
3378,542430,尼玛县,尼玛县
3379,542431,双湖县,双湖县
3380,542500,阿里地区,阿里地区
3381,542521,普兰县,阿里地区
3382,542522,札达县,阿里地区
3383,542523,噶尔县,阿里地区
3384,542524,日土县,阿里地区
3385,542525,革吉县,阿里地区
3386,542526,改则县,阿里地区
3387,542527,措勤县,阿里地区
3388,542600,林芝地区,林芝地区
3389,542621,林芝县,林芝县
3390,542622,工布江达县,工布江达县
3391,542623,米林县,米林县
3392,542624,墨脱县,墨脱县
3393,542625,波密县,波密县
3394,542626,察隅县,察隅县
3395,542627,朗县,朗县
3396,610000,陕西省,陕西省
3397,610100,西安市,西安市
3398,610101,市辖区,市辖区
3399,610102,新城区,西安市
3400,610103,碑林区,西安市
3401,610104,莲湖区,西安市
3402,610111,灞桥区,西安市
3403,610112,未央区,西安市
3404,610113,雁塔区,西安市
3405,610114,阎良区,西安市
3406,610115,临潼区,西安市
3407,610116,长安区,西安市
3408,610117,高陵区,西安市
3409,610118,邑区,西安市
3410,610122,蓝田县,西安市
3411,610124,周至县,西安市
3412,610125,户县,户县
3413,610126,高陵县,高陵县
3414,610200,铜川市,铜川市
3415,610201,市辖区,市辖区
3416,610202,王益区,铜川市
3417,610203,印台区,铜川市
3418,610204,耀州区,铜川市
3419,610222,宜君县,铜川市
3420,610300,宝鸡市,宝鸡市
3421,610301,市辖区,市辖区
3422,610302,渭滨区,宝鸡市
3423,610303,金台区,宝鸡市
3424,610304,陈仓区,宝鸡市
3425,610322,凤翔县,宝鸡市
3426,610323,岐山县,宝鸡市
3427,610324,扶风县,宝鸡市
3428,610326,眉县,宝鸡市
3429,610327,陇县,宝鸡市
3430,610328,千阳县,宝鸡市
3431,610329,麟游县,宝鸡市
3432,610330,凤县,宝鸡市
3433,610331,太白县,宝鸡市
3434,610400,咸阳市,咸阳市
3435,610401,市辖区,市辖区
3436,610402,秦都区,咸阳市
3437,610403,杨陵区,咸阳市
3438,610404,渭城区,咸阳市
3439,610422,三原县,咸阳市
3440,610423,泾阳县,咸阳市
3441,610424,乾县,咸阳市
3442,610425,礼泉县,咸阳市
3443,610426,永寿县,咸阳市
3444,610427,彬县,咸阳市
3445,610428,长武县,咸阳市
3446,610429,旬邑县,咸阳市
3447,610430,淳化县,咸阳市
3448,610431,武功县,咸阳市
3449,610481,兴平市,咸阳市
3450,610482,彬州市,咸阳市
3451,610500,渭南市,渭南市
3452,610501,市辖区,市辖区
3453,610502,临渭区,渭南市
3454,610503,华州区,渭南市
3455,610521,华县,华县
3456,610522,潼关县,渭南市
3457,610523,大荔县,渭南市
3458,610524,合阳县,渭南市
3459,610525,澄城县,渭南市
3460,610526,蒲城县,渭南市
3461,610527,白水县,渭南市
3462,610528,富平县,渭南市
3463,610581,韩城市,渭南市
3464,610582,华阴市,渭南市
3465,610600,延安市,延安市
3466,610601,市辖区,市辖区
3467,610602,宝塔区,延安市
3468,610603,安塞区,延安市
3469,610621,延长县,延安市
3470,610622,延川县,延安市
3471,610623,子长县,延安市
3472,610624,安塞县,安塞县
3473,610625,志丹县,延安市
3474,610626,吴起县,延安市
3475,610627,甘泉县,延安市
3476,610628,富县,延安市
3477,610629,洛川县,延安市
3478,610630,宜川县,延安市
3479,610631,黄龙县,延安市
3480,610632,黄陵县,延安市
3481,610681,子长市,延安市
3482,610700,汉中市,汉中市
3483,610701,市辖区,市辖区
3484,610702,汉台区,汉中市
3485,610703,南郑区,汉中市
3486,610721,南郑县,南郑县
3487,610722,城固县,汉中市
3488,610723,洋县,汉中市
3489,610724,西乡县,汉中市
3490,610725,勉县,汉中市
3491,610726,宁强县,汉中市
3492,610727,略阳县,汉中市
3493,610728,镇巴县,汉中市
3494,610729,留坝县,汉中市
3495,610730,佛坪县,汉中市
3496,610800,榆林市,榆林市
3497,610801,市辖区,市辖区
3498,610802,榆阳区,榆林市
3499,610803,横山区,榆林市
3500,610821,神木县,神木县
3501,610822,府谷县,榆林市
3502,610823,横山县,横山县
3503,610824,靖边县,榆林市
3504,610825,定边县,榆林市
3505,610826,绥德县,榆林市
3506,610827,米脂县,榆林市
3507,610828,佳县,榆林市
3508,610829,吴堡县,榆林市
3509,610830,清涧县,榆林市
3510,610831,子洲县,榆林市
3511,610881,神木市,榆林市
3512,610900,安康市,安康市
3513,610901,市辖区,市辖区
3514,610902,汉滨区,安康市
3515,610921,汉阴县,安康市
3516,610922,石泉县,安康市
3517,610923,宁陕县,安康市
3518,610924,紫阳县,安康市
3519,610925,岚皋县,安康市
3520,610926,平利县,安康市
3521,610927,镇坪县,安康市
3522,610928,旬阳县,安康市
3523,610929,白河县,安康市
3524,611000,商洛市,商洛市
3525,611001,市辖区,市辖区
3526,611002,商州区,商洛市
3527,611021,洛南县,商洛市
3528,611022,丹凤县,商洛市
3529,611023,商南县,商洛市
3530,611024,山阳县,商洛市
3531,611025,镇安县,商洛市
3532,611026,柞水县,商洛市
3533,620000,甘肃省,甘肃省
3534,620100,兰州市,兰州市
3535,620101,市辖区,市辖区
3536,620102,城关区,兰州市
3537,620103,七里河区,兰州市
3538,620104,西固区,兰州市
3539,620105,安宁区,兰州市
3540,620111,红古区,兰州市
3541,620121,永登县,兰州市
3542,620122,皋兰县,兰州市
3543,620123,榆中县,兰州市
3544,620200,嘉峪关市,嘉峪关市
3545,620201,市辖区,市辖区
3546,620300,金昌市,金昌市
3547,620301,市辖区,市辖区
3548,620302,金川区,金昌市
3549,620321,永昌县,金昌市
3550,620400,白银市,白银市
3551,620401,市辖区,市辖区
3552,620402,白银区,白银市
3553,620403,平川区,白银市
3554,620421,靖远县,白银市
3555,620422,会宁县,白银市
3556,620423,景泰县,白银市
3557,620500,天水市,天水市
3558,620501,市辖区,市辖区
3559,620502,秦州区,天水市
3560,620503,麦积区,天水市
3561,620521,清水县,天水市
3562,620522,秦安县,天水市
3563,620523,甘谷县,天水市
3564,620524,武山县,天水市
3565,620525,张家川回族自治县,天水市
3566,620600,武威市,武威市
3567,620601,市辖区,市辖区
3568,620602,凉州区,武威市
3569,620621,民勤县,武威市
3570,620622,古浪县,武威市
3571,620623,天祝藏族自治县,武威市
3572,620700,张掖市,张掖市
3573,620701,市辖区,市辖区
3574,620702,甘州区,张掖市
3575,620721,肃南裕固族自治县,张掖市
3576,620722,民乐县,张掖市
3577,620723,临泽县,张掖市
3578,620724,高台县,张掖市
3579,620725,山丹县,张掖市
3580,620800,平凉市,平凉市
3581,620801,市辖区,市辖区
3582,620802,崆峒区,平凉市
3583,620821,泾川县,平凉市
3584,620822,灵台县,平凉市
3585,620823,崇信县,平凉市
3586,620824,华亭县,平凉市
3587,620825,庄浪县,平凉市
3588,620826,静宁县,平凉市
3589,620881,华亭市,平凉市
3590,620900,酒泉市,酒泉市
3591,620901,市辖区,市辖区
3592,620902,肃州区,酒泉市
3593,620921,金塔县,酒泉市
3594,620922,瓜州县,酒泉市
3595,620923,肃北蒙古族自治县,酒泉市
3596,620924,阿克塞哈萨克族自治县,酒泉市
3597,620981,玉门市,酒泉市
3598,620982,敦煌市,酒泉市
3599,621000,庆阳市,庆阳市
3600,621001,市辖区,市辖区
3601,621002,西峰区,庆阳市
3602,621021,庆城县,庆阳市
3603,621022,环县,庆阳市
3604,621023,华池县,庆阳市
3605,621024,合水县,庆阳市
3606,621025,正宁县,庆阳市
3607,621026,宁县,庆阳市
3608,621027,镇原县,庆阳市
3609,621100,定西市,定西市
3610,621101,市辖区,市辖区
3611,621102,安定区,定西市
3612,621121,通渭县,定西市
3613,621122,陇西县,定西市
3614,621123,渭源县,定西市
3615,621124,临洮县,定西市
3616,621125,漳县,定西市
3617,621126,岷县,定西市
3618,621200,陇南市,陇南市
3619,621201,市辖区,市辖区
3620,621202,武都区,陇南市
3621,621221,成县,陇南市
3622,621222,文县,陇南市
3623,621223,宕昌县,陇南市
3624,621224,康县,陇南市
3625,621225,西和县,陇南市
3626,621226,礼县,陇南市
3627,621227,徽县,陇南市
3628,621228,两当县,陇南市
3629,622900,临夏回族自治州,临夏回族自治州
3630,622901,临夏市,临夏回族自治州
3631,622921,临夏县,临夏回族自治州
3632,622922,康乐县,临夏回族自治州
3633,622923,永靖县,临夏回族自治州
3634,622924,广河县,临夏回族自治州
3635,622925,和政县,临夏回族自治州
3636,622926,东乡族自治县,临夏回族自治州
3637,622927,积石山保安族东乡族撒拉族自治县,临夏回族自治州
3638,623000,甘南藏族自治州,甘南藏族自治州
3639,623001,合作市,甘南藏族自治州
3640,623021,临潭县,甘南藏族自治州
3641,623022,卓尼县,甘南藏族自治州
3642,623023,舟曲县,甘南藏族自治州
3643,623024,迭部县,甘南藏族自治州
3644,623025,玛曲县,甘南藏族自治州
3645,623026,碌曲县,甘南藏族自治州
3646,623027,夏河县,甘南藏族自治州
3647,630000,青海省,青海省
3648,630100,西宁市,西宁市
3649,630101,市辖区,市辖区
3650,630102,城东区,西宁市
3651,630103,城中区,西宁市
3652,630104,城西区,西宁市
3653,630105,城北区,西宁市
3654,630106,湟中区,西宁市
3655,630121,大通回族土族自治县,西宁市
3656,630122,湟中县,西宁市
3657,630123,湟源县,西宁市
3658,630200,海东市,海东市
3659,630202,乐都区,海东市
3660,630203,平安区,海东市
3661,630221,平安县,平安县
3662,630222,民和回族土族自治县,海东市
3663,630223,互助土族自治县,海东市
3664,630224,化隆回族自治县,海东市
3665,630225,循化撒拉族自治县,海东市
3666,632100,海东地区,海东地区
3667,632121,平安县,平安县
3668,632122,民和回族土族自治县,民和回族土族自治县
3669,632123,乐都县,乐都县
3670,632126,互助土族自治县,互助土族自治县
3671,632127,化隆回族自治县,化隆回族自治县
3672,632128,循化撒拉族自治县,循化撒拉族自治县
3673,632200,海北藏族自治州,海北藏族自治州
3674,632221,门源回族自治县,海北藏族自治州
3675,632222,祁连县,海北藏族自治州
3676,632223,海晏县,海北藏族自治州
3677,632224,刚察县,海北藏族自治州
3678,632300,黄南藏族自治州,黄南藏族自治州
3679,632301,同仁市,黄南藏族自治州
3680,632321,同仁县,黄南藏族自治州
3681,632322,尖扎县,黄南藏族自治州
3682,632323,泽库县,黄南藏族自治州
3683,632324,河南蒙古族自治县,黄南藏族自治州
3684,632500,海南藏族自治州,海南藏族自治州
3685,632521,共和县,海南藏族自治州
3686,632522,同德县,海南藏族自治州
3687,632523,贵德县,海南藏族自治州
3688,632524,兴海县,海南藏族自治州
3689,632525,贵南县,海南藏族自治州
3690,632600,果洛藏族自治州,果洛藏族自治州
3691,632621,玛沁县,果洛藏族自治州
3692,632622,班玛县,果洛藏族自治州
3693,632623,甘德县,果洛藏族自治州
3694,632624,达日县,果洛藏族自治州
3695,632625,久治县,果洛藏族自治州
3696,632626,玛多县,果洛藏族自治州
3697,632700,玉树藏族自治州,玉树藏族自治州
3698,632701,玉树市,玉树藏族自治州
3699,632721,玉树藏族自治州玉树县,玉树藏族自治州玉树县
3700,632722,杂多县,玉树藏族自治州
3701,632723,称多县,玉树藏族自治州
3702,632724,治多县,玉树藏族自治州
3703,632725,囊谦县,玉树藏族自治州
3704,632726,曲麻莱县,玉树藏族自治州
3705,632800,海西蒙古族藏族自治州,海西蒙古族藏族自治州
3706,632801,格尔木市,海西蒙古族藏族自治州
3707,632802,德令哈市,海西蒙古族藏族自治州
3708,632803,茫崖市,海西蒙古族藏族自治州
3709,632821,乌兰县,海西蒙古族藏族自治州
3710,632822,都兰县,海西蒙古族藏族自治州
3711,632823,天峻县,海西蒙古族藏族自治州
3712,640000,宁夏回族自治区,宁夏回族自治区
3713,640100,银川市,银川市
3714,640101,市辖区,市辖区
3715,640104,兴庆区,银川市
3716,640105,西夏区,银川市
3717,640106,金凤区,银川市
3718,640121,永宁县,银川市
3719,640122,贺兰县,银川市
3720,640181,灵武市,银川市
3721,640200,石嘴山市,石嘴山市
3722,640201,市辖区,市辖区
3723,640202,大武口区,石嘴山市
3724,640205,惠农区,石嘴山市
3725,640221,平罗县,石嘴山市
3726,640300,吴忠市,吴忠市
3727,640301,市辖区,市辖区
3728,640302,利通区,吴忠市
3729,640303,红寺堡区,吴忠市
3730,640323,盐池县,吴忠市
3731,640324,同心县,吴忠市
3732,640381,青铜峡市,吴忠市
3733,640400,固原市,固原市
3734,640401,市辖区,市辖区
3735,640402,原州区,固原市
3736,640422,西吉县,固原市
3737,640423,隆德县,固原市
3738,640424,泾源县,固原市
3739,640425,彭阳县,固原市
3740,640500,中卫市,中卫市
3741,640501,市辖区,市辖区
3742,640502,沙坡头区,中卫市
3743,640521,中宁县,中卫市
3744,640522,海原县,中卫市
3745,650000,新疆维吾尔自治区,新疆维吾尔自治区
3746,650100,乌鲁木齐市,乌鲁木齐市
3747,650101,市辖区,市辖区
3748,650102,天山区,乌鲁木齐市
3749,650103,沙依巴克区,乌鲁木齐市
3750,650104,新市区,乌鲁木齐市
3751,650105,水磨沟区,乌鲁木齐市
3752,650106,头屯河区,乌鲁木齐市
3753,650107,达坂城区,乌鲁木齐市
3754,650109,米东区,乌鲁木齐市
3755,650121,乌鲁木齐县,乌鲁木齐市
3756,650200,克拉玛依市,克拉玛依市
3757,650201,市辖区,市辖区
3758,650202,独山子区,克拉玛依市
3759,650203,克拉玛依区,克拉玛依市
3760,650204,白碱滩区,克拉玛依市
3761,650205,乌尔禾区,克拉玛依市
3762,650400,吐鲁番市,吐鲁番市
3763,650402,高昌区,吐鲁番市
3764,650421,鄯善县,吐鲁番市
3765,650422,托克逊县,吐鲁番市
3766,650500,哈密市,哈密市
3767,650502,伊州区,哈密市
3768,650521,巴里坤哈萨克自治县,哈密市
3769,650522,伊吾县,哈密市
3770,652100,吐鲁番地区,吐鲁番地区
3771,652101,吐鲁番市,吐鲁番市
3772,652122,鄯善县,鄯善县
3773,652123,托克逊县,托克逊县
3774,652200,哈密地区,哈密地区
3775,652201,哈密市,哈密市
3776,652222,巴里坤哈萨克自治县,巴里坤哈萨克自治县
3777,652223,伊吾县,伊吾县
3778,652300,昌吉回族自治州,昌吉回族自治州
3779,652301,昌吉市,昌吉回族自治州
3780,652302,阜康市,昌吉回族自治州
3781,652323,呼图壁县,昌吉回族自治州
3782,652324,玛纳斯县,昌吉回族自治州
3783,652325,奇台县,昌吉回族自治州
3784,652327,吉木萨尔县,昌吉回族自治州
3785,652328,木垒哈萨克自治县,昌吉回族自治州
3786,652700,博尔塔拉蒙古自治州,博尔塔拉蒙古自治州
3787,652701,博乐市,博尔塔拉蒙古自治州
3788,652702,阿拉山口市,博尔塔拉蒙古自治州
3789,652722,精河县,博尔塔拉蒙古自治州
3790,652723,温泉县,博尔塔拉蒙古自治州
3791,652799,阿拉山口[1],阿拉山口[1]
3792,652800,巴音郭楞蒙古自治州,巴音郭楞蒙古自治州
3793,652801,库尔勒市,巴音郭楞蒙古自治州
3794,652822,轮台县,巴音郭楞蒙古自治州
3795,652823,尉犁县,巴音郭楞蒙古自治州
3796,652824,若羌县,巴音郭楞蒙古自治州
3797,652825,且末县,巴音郭楞蒙古自治州
3798,652826,焉耆回族自治县,巴音郭楞蒙古自治州
3799,652827,和静县,巴音郭楞蒙古自治州
3800,652828,和硕县,巴音郭楞蒙古自治州
3801,652829,博湖县,巴音郭楞蒙古自治州
3802,652900,阿克苏地区,阿克苏地区
3803,652901,阿克苏市,阿克苏地区
3804,652902,库车市,阿克苏地区
3805,652922,温宿县,阿克苏地区
3806,652923,库车县,阿克苏地区
3807,652924,沙雅县,阿克苏地区
3808,652925,新和县,阿克苏地区
3809,652926,拜城县,阿克苏地区
3810,652927,乌什县,阿克苏地区
3811,652928,阿瓦提县,阿克苏地区
3812,652929,柯坪县,阿克苏地区
3813,653000,克孜勒苏柯尔克孜自治州,克孜勒苏柯尔克孜自治州
3814,653001,阿图什市,克孜勒苏柯尔克孜自治州
3815,653022,阿克陶县,克孜勒苏柯尔克孜自治州
3816,653023,阿合奇县,克孜勒苏柯尔克孜自治州
3817,653024,乌恰县,克孜勒苏柯尔克孜自治州
3818,653100,喀什地区,喀什地区
3819,653101,喀什市,喀什地区
3820,653121,疏附县,喀什地区
3821,653122,疏勒县,喀什地区
3822,653123,英吉沙县,喀什地区
3823,653124,泽普县,喀什地区
3824,653125,莎车县,喀什地区
3825,653126,叶城县,喀什地区
3826,653127,麦盖提县,喀什地区
3827,653128,岳普湖县,喀什地区
3828,653129,伽师县,喀什地区
3829,653130,巴楚县,喀什地区
3830,653131,塔什库尔干塔吉克自治县,喀什地区
3831,653200,和田地区,和田地区
3832,653201,和田市,和田地区
3833,653221,和田县,和田地区
3834,653222,墨玉县,和田地区
3835,653223,皮山县,和田地区
3836,653224,洛浦县,和田地区
3837,653225,策勒县,和田地区
3838,653226,于田县,和田地区
3839,653227,民丰县,和田地区
3840,654000,伊犁哈萨克自治州,伊犁哈萨克自治州
3841,654002,伊宁市,伊犁哈萨克自治州
3842,654003,奎屯市,伊犁哈萨克自治州
3843,654004,霍尔果斯市,伊犁哈萨克自治州
3844,654021,伊宁县,伊犁哈萨克自治州
3845,654022,察布查尔锡伯自治县,伊犁哈萨克自治州
3846,654023,霍城县,伊犁哈萨克自治州
3847,654024,巩留县,伊犁哈萨克自治州
3848,654025,新源县,伊犁哈萨克自治州
3849,654026,昭苏县,伊犁哈萨克自治州
3850,654027,特克斯县,伊犁哈萨克自治州
3851,654028,尼勒克县,伊犁哈萨克自治州
3852,654200,塔城地区,塔城地区
3853,654201,塔城市,塔城地区
3854,654202,乌苏市,塔城地区
3855,654221,额敏县,塔城地区
3856,654223,沙湾县,塔城地区
3857,654224,托里县,塔城地区
3858,654225,裕民县,塔城地区
3859,654226,和布克赛尔蒙古自治县,塔城地区
3860,654300,阿勒泰地区,阿勒泰地区
3861,654301,阿勒泰市,阿勒泰地区
3862,654321,布尔津县,阿勒泰地区
3863,654322,富蕴县,阿勒泰地区
3864,654323,福海县,阿勒泰地区
3865,654324,哈巴河县,阿勒泰地区
3866,654325,青河县,阿勒泰地区
3867,654326,吉木乃县,阿勒泰地区
3868,659000,自治区直辖县级行政区划,自治区直辖县级行政区划
3869,659001,石河子市,阿勒泰地区
3870,659002,阿拉尔市,阿勒泰地区
3871,659003,图木舒克市,阿勒泰地区
3872,659004,五家渠市,阿勒泰地区
3873,659005,北屯市,阿勒泰地区
3874,659006,铁门关市,阿勒泰地区
3875,659007,双河市,阿勒泰地区
3876,659008,可克达拉市,阿勒泰地区
3877,659009,昆玉市,阿勒泰地区
3878,659010,胡杨河市,阿勒泰地区
3879,710000,台湾省,台湾省
3880,810000,香港特别行政区,香港特别行政区
3881,820000,澳门特别行政区,澳门特别行政区
